[m4a 2026-07-24T06:50:53.041Z] grammar M4a wave started through baton.waves (1 members, objectiveBytes=3985)
[m4a 2026-07-24T06:51:13.043Z] progress 21s grammar-m4a-implementer=working
[m4a 2026-07-24T06:51:33.047Z] progress 41s grammar-m4a-implementer=working
[m4a 2026-07-24T06:51:53.054Z] progress 61s grammar-m4a-implementer=working
[m4a 2026-07-24T06:52:13.062Z] progress 81s grammar-m4a-implementer=working
[m4a 2026-07-24T06:52:33.068Z] progress 101s grammar-m4a-implementer=working
[m4a 2026-07-24T06:52:53.078Z] progress 121s grammar-m4a-implementer=working
[m4a 2026-07-24T06:53:13.083Z] progress 141s grammar-m4a-implementer=working
[m4a 2026-07-24T06:53:33.089Z] progress 161s grammar-m4a-implementer=working
[m4a 2026-07-24T06:53:53.092Z] progress 181s grammar-m4a-implementer=working
[m4a 2026-07-24T06:54:13.096Z] progress 201s grammar-m4a-implementer=working
[m4a 2026-07-24T06:54:33.099Z] progress 221s grammar-m4a-implementer=working
[m4a 2026-07-24T06:54:53.104Z] progress 241s grammar-m4a-implementer=working
[m4a 2026-07-24T06:55:13.112Z] progress 261s grammar-m4a-implementer=working
[m4a 2026-07-24T06:55:33.114Z] progress 281s grammar-m4a-implementer=working
[m4a 2026-07-24T06:55:53.117Z] progress 301s grammar-m4a-implementer=working
[m4a 2026-07-24T06:56:13.121Z] progress 321s grammar-m4a-implementer=working
[m4a 2026-07-24T06:56:33.104Z] progress 341s grammar-m4a-implementer=working
[m4a 2026-07-24T06:56:53.096Z] progress 361s grammar-m4a-implementer=working
[m4a 2026-07-24T06:57:13.098Z] progress 381s grammar-m4a-implementer=working
[m4a 2026-07-24T06:57:33.106Z] progress 401s grammar-m4a-implementer=working
[m4a 2026-07-24T06:57:53.110Z] progress 421s grammar-m4a-implementer=working
[m4a 2026-07-24T06:58:13.114Z] progress 441s grammar-m4a-implementer=working
[m4a 2026-07-24T06:58:33.118Z] progress 461s grammar-m4a-implementer=working
[m4a 2026-07-24T06:58:53.125Z] progress 481s grammar-m4a-implementer=working
[m4a 2026-07-24T06:59:13.131Z] progress 501s grammar-m4a-implementer=working
[m4a 2026-07-24T06:59:33.134Z] progress 521s grammar-m4a-implementer=working
[m4a 2026-07-24T06:59:53.139Z] progress 541s grammar-m4a-implementer=working
[m4a 2026-07-24T07:00:13.145Z] progress 561s grammar-m4a-implementer=working
[m4a 2026-07-24T07:00:33.151Z] progress 581s grammar-m4a-implementer=working
[m4a 2026-07-24T07:00:53.156Z] progress 601s grammar-m4a-implementer=working
[m4a 2026-07-24T07:01:13.161Z] progress 621s grammar-m4a-implementer=working
[m4a 2026-07-24T07:01:33.165Z] progress 641s grammar-m4a-implementer=working
[m4a 2026-07-24T07:01:53.168Z] progress 661s grammar-m4a-implementer=working
[m4a 2026-07-24T07:02:13.174Z] progress 681s grammar-m4a-implementer=working
[m4a 2026-07-24T07:02:33.180Z] progress 701s grammar-m4a-implementer=working
[m4a 2026-07-24T07:02:53.189Z] progress 721s grammar-m4a-implementer=working
[m4a 2026-07-24T07:03:13.200Z] progress 741s grammar-m4a-implementer=working
[m4a 2026-07-24T07:03:33.212Z] progress 761s grammar-m4a-implementer=working
[m4a 2026-07-24T07:03:53.240Z] progress 781s grammar-m4a-implementer=working
[m4a 2026-07-24T07:04:13.249Z] progress 801s grammar-m4a-implementer=working
[m4a 2026-07-24T07:04:33.259Z] progress 821s grammar-m4a-implementer=working
[m4a 2026-07-24T07:04:53.274Z] progress 841s grammar-m4a-implementer=working
[m4a 2026-07-24T07:05:13.289Z] progress 861s grammar-m4a-implementer=working
[m4a 2026-07-24T07:05:33.300Z] progress 881s grammar-m4a-implementer=working
[m4a 2026-07-24T07:05:53.308Z] progress 901s grammar-m4a-implementer=working
[m4a 2026-07-24T07:06:13.314Z] progress 921s grammar-m4a-implementer=working
[m4a 2026-07-24T07:06:33.318Z] progress 941s grammar-m4a-implementer=working
[m4a 2026-07-24T07:06:53.320Z] progress 961s grammar-m4a-implementer=working
[m4a 2026-07-24T07:07:13.324Z] progress 981s grammar-m4a-implementer=working
[m4a 2026-07-24T07:07:33.328Z] progress 1001s grammar-m4a-implementer=working
[m4a 2026-07-24T07:07:53.334Z] progress 1021s grammar-m4a-implementer=working
[m4a 2026-07-24T07:08:13.346Z] progress 1041s grammar-m4a-implementer=working
[m4a 2026-07-24T07:08:33.361Z] progress 1061s grammar-m4a-implementer=working
[m4a 2026-07-24T07:08:53.371Z] progress 1081s grammar-m4a-implementer=working
[m4a 2026-07-24T07:09:13.380Z] progress 1101s grammar-m4a-implementer=working
[m4a 2026-07-24T07:09:33.393Z] progress 1121s grammar-m4a-implementer=working
[m4a 2026-07-24T07:09:53.407Z] progress 1141s grammar-m4a-implementer=working
[m4a 2026-07-24T07:10:13.424Z] progress 1161s grammar-m4a-implementer=working
[m4a 2026-07-24T07:10:33.439Z] progress 1181s grammar-m4a-implementer=working
[m4a 2026-07-24T07:10:53.451Z] progress 1201s grammar-m4a-implementer=working
[m4a 2026-07-24T07:11:13.461Z] progress 1221s grammar-m4a-implementer=working
[m4a 2026-07-24T07:11:33.469Z] progress 1241s grammar-m4a-implementer=working
[m4a 2026-07-24T07:11:53.479Z] progress 1261s grammar-m4a-implementer=working
[m4a 2026-07-24T07:12:13.488Z] progress 1281s grammar-m4a-implementer=working
[m4a 2026-07-24T07:12:33.501Z] progress 1301s grammar-m4a-implementer=working
[m4a 2026-07-24T07:12:53.511Z] progress 1321s grammar-m4a-implementer=working
[m4a 2026-07-24T07:13:13.539Z] progress 1341s grammar-m4a-implementer=working
[m4a 2026-07-24T07:13:33.554Z] progress 1361s grammar-m4a-implementer=working
[m4a 2026-07-24T07:13:53.564Z] progress 1381s grammar-m4a-implementer=working
[m4a 2026-07-24T07:14:13.572Z] progress 1401s grammar-m4a-implementer=working
[m4a 2026-07-24T07:14:33.590Z] progress 1421s grammar-m4a-implementer=paused[[{"kind":"turn_checkpoint","workerId":"w-1","taskId":"baton-08c62fd1f846be42ab70d6e0-work","turnEpoch":1,"changedPathsDigest":"4f53cda18c2baa0c0354bb5f9a3ecbe5ed12ab4d8e11ba873c2f11161202b945","requestId":"pause:baton-08c62fd1f846be42ab70d6e0-work:262"}]]
[m4a 2026-07-24T07:14:33.809Z] steered nudge_turn on pause:baton-08c62fd1f846be42ab70d6e0-work:262 for grammar-m4a-implementer
[m4a 2026-07-24T07:14:53.827Z] progress 1441s grammar-m4a-implementer=working
[m4a 2026-07-24T07:15:13.848Z] progress 1461s grammar-m4a-implementer=paused[[{"kind":"turn_checkpoint","workerId":"w-1","taskId":"baton-08c62fd1f846be42ab70d6e0-work","turnEpoch":2,"changedPathsDigest":"4f53cda18c2baa0c0354bb5f9a3ecbe5ed12ab4d8e11ba873c2f11161202b945","requestId":"pause:baton-08c62fd1f846be42ab70d6e0-work:280"}]]
[m4a 2026-07-24T07:15:14.090Z] steered nudge_turn on pause:baton-08c62fd1f846be42ab70d6e0-work:280 for grammar-m4a-implementer
[m4a 2026-07-24T07:15:34.114Z] progress 1482s grammar-m4a-implementer=working
[m4a 2026-07-24T07:15:54.130Z] progress 1502s grammar-m4a-implementer=working
[m4a 2026-07-24T07:16:14.164Z] progress 1522s grammar-m4a-implementer=paused[[{"kind":"turn_checkpoint","workerId":"w-1","taskId":"baton-08c62fd1f846be42ab70d6e0-work","turnEpoch":3,"changedPathsDigest":"4f53cda18c2baa0c0354bb5f9a3ecbe5ed12ab4d8e11ba873c2f11161202b945","requestId":"pause:baton-08c62fd1f846be42ab70d6e0-work:298"}]]
[m4a 2026-07-24T07:16:14.322Z] steered nudge_turn on pause:baton-08c62fd1f846be42ab70d6e0-work:298 for grammar-m4a-implementer
[m4a 2026-07-24T07:16:34.332Z] progress 1542s grammar-m4a-implementer=working
[m4a 2026-07-24T07:16:54.346Z] progress 1562s grammar-m4a-implementer=working
[m4a 2026-07-24T07:17:14.359Z] progress 1582s grammar-m4a-implementer=working
[m4a 2026-07-24T07:17:34.368Z] progress 1602s grammar-m4a-implementer=working
[m4a 2026-07-24T07:17:54.373Z] progress 1622s grammar-m4a-implementer=working
[m4a 2026-07-24T07:18:14.380Z] progress 1642s grammar-m4a-implementer=working
[m4a 2026-07-24T07:18:34.384Z] progress 1662s grammar-m4a-implementer=working
[m4a 2026-07-24T07:18:54.387Z] progress 1682s grammar-m4a-implementer=working
[m4a 2026-07-24T07:19:14.391Z] progress 1702s grammar-m4a-implementer=working
[m4a 2026-07-24T07:19:34.396Z] progress 1722s grammar-m4a-implementer=working
[m4a 2026-07-24T07:19:54.407Z] progress 1742s grammar-m4a-implementer=working
[m4a 2026-07-24T07:20:14.426Z] progress 1762s grammar-m4a-implementer=paused[[{"kind":"turn_checkpoint","workerId":"w-1","taskId":"baton-08c62fd1f846be42ab70d6e0-work","turnEpoch":4,"changedPathsDigest":"4f53cda18c2baa0c0354bb5f9a3ecbe5ed12ab4d8e11ba873c2f11161202b945","requestId":"pause:baton-08c62fd1f846be42ab70d6e0-work:354"}]]
[m4a 2026-07-24T07:20:14.560Z] steered nudge_turn on pause:baton-08c62fd1f846be42ab70d6e0-work:354 for grammar-m4a-implementer
[m4a 2026-07-24T07:20:34.566Z] progress 1782s grammar-m4a-implementer=paused[[{"kind":"turn_checkpoint","workerId":"w-1","taskId":"baton-08c62fd1f846be42ab70d6e0-work","turnEpoch":5,"changedPathsDigest":"4f53cda18c2baa0c0354bb5f9a3ecbe5ed12ab4d8e11ba873c2f11161202b945","requestId":"pause:baton-08c62fd1f846be42ab70d6e0-work:366"}]]
[m4a 2026-07-24T07:20:34.685Z] steered nudge_turn on pause:baton-08c62fd1f846be42ab70d6e0-work:366 for grammar-m4a-implementer
[m4a 2026-07-24T07:20:54.694Z] progress 1802s grammar-m4a-implementer=paused[[{"kind":"turn_checkpoint","workerId":"w-1","taskId":"baton-08c62fd1f846be42ab70d6e0-work","turnEpoch":6,"changedPathsDigest":"4f53cda18c2baa0c0354bb5f9a3ecbe5ed12ab4d8e11ba873c2f11161202b945","requestId":"pause:baton-08c62fd1f846be42ab70d6e0-work:376"}]]
[m4a 2026-07-24T07:20:54.818Z] steered nudge_turn on pause:baton-08c62fd1f846be42ab70d6e0-work:376 for grammar-m4a-implementer
[m4a 2026-07-24T07:21:14.827Z] progress 1822s grammar-m4a-implementer=working
[m4a 2026-07-24T07:21:34.849Z] progress 1842s grammar-m4a-implementer=working
[m4a 2026-07-24T07:21:54.870Z] progress 1862s grammar-m4a-implementer=working
[m4a 2026-07-24T07:22:14.886Z] progress 1882s grammar-m4a-implementer=paused[[{"kind":"turn_checkpoint","workerId":"w-1","taskId":"baton-08c62fd1f846be42ab70d6e0-work","turnEpoch":7,"changedPathsDigest":"4f53cda18c2baa0c0354bb5f9a3ecbe5ed12ab4d8e11ba873c2f11161202b945","requestId":"pause:baton-08c62fd1f846be42ab70d6e0-work:396"}]]
[m4a 2026-07-24T07:22:15.018Z] steered nudge_turn on pause:baton-08c62fd1f846be42ab70d6e0-work:396 for grammar-m4a-implementer
[m4a 2026-07-24T07:22:35.026Z] progress 1902s grammar-m4a-implementer=working
[m4a 2026-07-24T07:22:55.035Z] progress 1922s grammar-m4a-implementer=paused[[{"kind":"turn_checkpoint","workerId":"w-1","taskId":"baton-08c62fd1f846be42ab70d6e0-work","turnEpoch":8,"changedPathsDigest":"4f53cda18c2baa0c0354bb5f9a3ecbe5ed12ab4d8e11ba873c2f11161202b945","requestId":"pause:baton-08c62fd1f846be42ab70d6e0-work:408"}]]
[m4a 2026-07-24T07:22:55.084Z] steered nudge_turn on pause:baton-08c62fd1f846be42ab70d6e0-work:408 for grammar-m4a-implementer
[m4a 2026-07-24T07:23:15.086Z] progress 1943s grammar-m4a-implementer=working
[m4a 2026-07-24T07:23:35.090Z] progress 1963s grammar-m4a-implementer=paused[[{"kind":"turn_checkpoint","workerId":"w-1","taskId":"baton-08c62fd1f846be42ab70d6e0-work","turnEpoch":9,"changedPathsDigest":"4f53cda18c2baa0c0354bb5f9a3ecbe5ed12ab4d8e11ba873c2f11161202b945","requestId":"pause:baton-08c62fd1f846be42ab70d6e0-work:426"}]]
[m4a 2026-07-24T07:23:35.128Z] steered nudge_turn on pause:baton-08c62fd1f846be42ab70d6e0-work:426 for grammar-m4a-implementer
[m4a 2026-07-24T07:23:55.131Z] progress 1983s grammar-m4a-implementer=working
[m4a 2026-07-24T07:24:15.135Z] progress 2003s grammar-m4a-implementer=paused[[{"kind":"turn_checkpoint","workerId":"w-1","taskId":"baton-08c62fd1f846be42ab70d6e0-work","turnEpoch":10,"changedPathsDigest":"4f53cda18c2baa0c0354bb5f9a3ecbe5ed12ab4d8e11ba873c2f11161202b945","requestId":"pause:baton-08c62fd1f846be42ab70d6e0-work:442"}]]
[m4a 2026-07-24T07:24:15.174Z] steered nudge_turn on pause:baton-08c62fd1f846be42ab70d6e0-work:442 for grammar-m4a-implementer
[m4a 2026-07-24T07:24:35.182Z] progress 2023s grammar-m4a-implementer=working
[m4a 2026-07-24T07:24:55.192Z] progress 2043s grammar-m4a-implementer=paused[[{"kind":"turn_checkpoint","workerId":"w-1","taskId":"baton-08c62fd1f846be42ab70d6e0-work","turnEpoch":11,"changedPathsDigest":"4f53cda18c2baa0c0354bb5f9a3ecbe5ed12ab4d8e11ba873c2f11161202b945","requestId":"pause:baton-08c62fd1f846be42ab70d6e0-work:456"}]]
[m4a 2026-07-24T07:24:55.228Z] steered nudge_turn on pause:baton-08c62fd1f846be42ab70d6e0-work:456 for grammar-m4a-implementer
[m4a 2026-07-24T07:25:15.234Z] progress 2063s grammar-m4a-implementer=paused[[{"kind":"turn_checkpoint","workerId":"w-1","taskId":"baton-08c62fd1f846be42ab70d6e0-work","turnEpoch":12,"changedPathsDigest":"4f53cda18c2baa0c0354bb5f9a3ecbe5ed12ab4d8e11ba873c2f11161202b945","requestId":"pause:baton-08c62fd1f846be42ab70d6e0-work:464"}]]
[m4a 2026-07-24T07:25:15.273Z] steered nudge_turn on pause:baton-08c62fd1f846be42ab70d6e0-work:464 for grammar-m4a-implementer
[m4a 2026-07-24T07:25:35.277Z] progress 2083s grammar-m4a-implementer=paused[[{"kind":"turn_checkpoint","workerId":"w-1","taskId":"baton-08c62fd1f846be42ab70d6e0-work","turnEpoch":13,"changedPathsDigest":"4f53cda18c2baa0c0354bb5f9a3ecbe5ed12ab4d8e11ba873c2f11161202b945","requestId":"pause:baton-08c62fd1f846be42ab70d6e0-work:472"}]]
[m4a 2026-07-24T07:25:35.314Z] steered nudge_turn on pause:baton-08c62fd1f846be42ab70d6e0-work:472 for grammar-m4a-implementer
[m4a 2026-07-24T07:25:55.317Z] progress 2103s grammar-m4a-implementer=paused[[{"kind":"turn_checkpoint","workerId":"w-1","taskId":"baton-08c62fd1f846be42ab70d6e0-work","turnEpoch":14,"changedPathsDigest":"4f53cda18c2baa0c0354bb5f9a3ecbe5ed12ab4d8e11ba873c2f11161202b945","requestId":"pause:baton-08c62fd1f846be42ab70d6e0-work:480"}]]
[m4a 2026-07-24T07:25:55.357Z] steered nudge_turn on pause:baton-08c62fd1f846be42ab70d6e0-work:480 for grammar-m4a-implementer
[m4a 2026-07-24T07:26:15.359Z] progress 2123s grammar-m4a-implementer=paused[[{"kind":"turn_checkpoint","workerId":"w-1","taskId":"baton-08c62fd1f846be42ab70d6e0-work","turnEpoch":15,"changedPathsDigest":"4f53cda18c2baa0c0354bb5f9a3ecbe5ed12ab4d8e11ba873c2f11161202b945","requestId":"pause:baton-08c62fd1f846be42ab70d6e0-work:488"}]]
[m4a 2026-07-24T07:26:15.398Z] steered nudge_turn on pause:baton-08c62fd1f846be42ab70d6e0-work:488 for grammar-m4a-implementer
[m4a 2026-07-24T07:26:35.401Z] progress 2143s grammar-m4a-implementer=paused[[{"kind":"turn_checkpoint","workerId":"w-1","taskId":"baton-08c62fd1f846be42ab70d6e0-work","turnEpoch":16,"changedPathsDigest":"4f53cda18c2baa0c0354bb5f9a3ecbe5ed12ab4d8e11ba873c2f11161202b945","requestId":"pause:baton-08c62fd1f846be42ab70d6e0-work:496"}]]
[m4a 2026-07-24T07:26:35.444Z] steered nudge_turn on pause:baton-08c62fd1f846be42ab70d6e0-work:496 for grammar-m4a-implementer
[m4a 2026-07-24T07:26:55.447Z] progress 2163s grammar-m4a-implementer=paused[[{"kind":"turn_checkpoint","workerId":"w-1","taskId":"baton-08c62fd1f846be42ab70d6e0-work","turnEpoch":17,"changedPathsDigest":"4f53cda18c2baa0c0354bb5f9a3ecbe5ed12ab4d8e11ba873c2f11161202b945","requestId":"pause:baton-08c62fd1f846be42ab70d6e0-work:504"}]]
[m4a 2026-07-24T07:26:55.485Z] steered nudge_turn on pause:baton-08c62fd1f846be42ab70d6e0-work:504 for grammar-m4a-implementer
[m4a 2026-07-24T07:27:15.488Z] progress 2183s grammar-m4a-implementer=paused[[{"kind":"turn_checkpoint","workerId":"w-1","taskId":"baton-08c62fd1f846be42ab70d6e0-work","turnEpoch":18,"changedPathsDigest":"4f53cda18c2baa0c0354bb5f9a3ecbe5ed12ab4d8e11ba873c2f11161202b945","requestId":"pause:baton-08c62fd1f846be42ab70d6e0-work:512"}]]
[m4a 2026-07-24T07:27:15.528Z] steered nudge_turn on pause:baton-08c62fd1f846be42ab70d6e0-work:512 for grammar-m4a-implementer
[m4a 2026-07-24T07:27:35.531Z] progress 2203s grammar-m4a-implementer=paused[[{"kind":"turn_checkpoint","workerId":"w-1","taskId":"baton-08c62fd1f846be42ab70d6e0-work","turnEpoch":19,"changedPathsDigest":"4f53cda18c2baa0c0354bb5f9a3ecbe5ed12ab4d8e11ba873c2f11161202b945","requestId":"pause:baton-08c62fd1f846be42ab70d6e0-work:520"}]]
[m4a 2026-07-24T07:27:35.573Z] steered nudge_turn on pause:baton-08c62fd1f846be42ab70d6e0-work:520 for grammar-m4a-implementer
[m4a 2026-07-24T07:27:55.576Z] progress 2223s grammar-m4a-implementer=paused[[{"kind":"turn_checkpoint","workerId":"w-1","taskId":"baton-08c62fd1f846be42ab70d6e0-work","turnEpoch":20,"changedPathsDigest":"4f53cda18c2baa0c0354bb5f9a3ecbe5ed12ab4d8e11ba873c2f11161202b945","requestId":"pause:baton-08c62fd1f846be42ab70d6e0-work:528"}]]
[m4a 2026-07-24T07:27:55.617Z] steered nudge_turn on pause:baton-08c62fd1f846be42ab70d6e0-work:528 for grammar-m4a-implementer
[m4a 2026-07-24T07:28:15.621Z] progress 2243s grammar-m4a-implementer=paused[[{"kind":"turn_checkpoint","workerId":"w-1","taskId":"baton-08c62fd1f846be42ab70d6e0-work","turnEpoch":21,"changedPathsDigest":"4f53cda18c2baa0c0354bb5f9a3ecbe5ed12ab4d8e11ba873c2f11161202b945","requestId":"pause:baton-08c62fd1f846be42ab70d6e0-work:536"}]]
[m4a 2026-07-24T07:28:15.662Z] steered nudge_turn on pause:baton-08c62fd1f846be42ab70d6e0-work:536 for grammar-m4a-implementer
[m4a 2026-07-24T07:28:35.665Z] progress 2263s grammar-m4a-implementer=paused[[{"kind":"turn_checkpoint","workerId":"w-1","taskId":"baton-08c62fd1f846be42ab70d6e0-work","turnEpoch":22,"changedPathsDigest":"4f53cda18c2baa0c0354bb5f9a3ecbe5ed12ab4d8e11ba873c2f11161202b945","requestId":"pause:baton-08c62fd1f846be42ab70d6e0-work:544"}]]
[m4a 2026-07-24T07:28:35.704Z] steered nudge_turn on pause:baton-08c62fd1f846be42ab70d6e0-work:544 for grammar-m4a-implementer
[m4a 2026-07-24T07:28:55.709Z] progress 2283s grammar-m4a-implementer=paused[[{"kind":"turn_checkpoint","workerId":"w-1","taskId":"baton-08c62fd1f846be42ab70d6e0-work","turnEpoch":23,"changedPathsDigest":"4f53cda18c2baa0c0354bb5f9a3ecbe5ed12ab4d8e11ba873c2f11161202b945","requestId":"pause:baton-08c62fd1f846be42ab70d6e0-work:552"}]]
[m4a 2026-07-24T07:28:55.752Z] steered nudge_turn on pause:baton-08c62fd1f846be42ab70d6e0-work:552 for grammar-m4a-implementer
[m4a 2026-07-24T07:29:15.754Z] progress 2303s grammar-m4a-implementer=paused[[{"kind":"turn_checkpoint","workerId":"w-1","taskId":"baton-08c62fd1f846be42ab70d6e0-work","turnEpoch":24,"changedPathsDigest":"4f53cda18c2baa0c0354bb5f9a3ecbe5ed12ab4d8e11ba873c2f11161202b945","requestId":"pause:baton-08c62fd1f846be42ab70d6e0-work:560"}]]
[m4a 2026-07-24T07:29:15.798Z] steered nudge_turn on pause:baton-08c62fd1f846be42ab70d6e0-work:560 for grammar-m4a-implementer
[m4a 2026-07-24T07:29:35.801Z] progress 2323s grammar-m4a-implementer=paused[[{"kind":"turn_checkpoint","workerId":"w-1","taskId":"baton-08c62fd1f846be42ab70d6e0-work","turnEpoch":25,"changedPathsDigest":"4f53cda18c2baa0c0354bb5f9a3ecbe5ed12ab4d8e11ba873c2f11161202b945","requestId":"pause:baton-08c62fd1f846be42ab70d6e0-work:568"}]]
[m4a 2026-07-24T07:29:35.858Z] steered nudge_turn on pause:baton-08c62fd1f846be42ab70d6e0-work:568 for grammar-m4a-implementer
[m4a 2026-07-24T07:29:55.860Z] progress 2343s grammar-m4a-implementer=paused[[{"kind":"turn_checkpoint","workerId":"w-1","taskId":"baton-08c62fd1f846be42ab70d6e0-work","turnEpoch":26,"changedPathsDigest":"4f53cda18c2baa0c0354bb5f9a3ecbe5ed12ab4d8e11ba873c2f11161202b945","requestId":"pause:baton-08c62fd1f846be42ab70d6e0-work:576"}]]
[m4a 2026-07-24T07:29:55.903Z] steered nudge_turn on pause:baton-08c62fd1f846be42ab70d6e0-work:576 for grammar-m4a-implementer
[m4a 2026-07-24T07:30:15.908Z] progress 2363s grammar-m4a-implementer=paused[[{"kind":"turn_checkpoint","workerId":"w-1","taskId":"baton-08c62fd1f846be42ab70d6e0-work","turnEpoch":27,"changedPathsDigest":"4f53cda18c2baa0c0354bb5f9a3ecbe5ed12ab4d8e11ba873c2f11161202b945","requestId":"pause:baton-08c62fd1f846be42ab70d6e0-work:584"}]]
[m4a 2026-07-24T07:30:16.011Z] steered nudge_turn on pause:baton-08c62fd1f846be42ab70d6e0-work:584 for grammar-m4a-implementer
[m4a 2026-07-24T07:30:36.014Z] progress 2383s grammar-m4a-implementer=paused[[{"kind":"turn_checkpoint","workerId":"w-1","taskId":"baton-08c62fd1f846be42ab70d6e0-work","turnEpoch":28,"changedPathsDigest":"4f53cda18c2baa0c0354bb5f9a3ecbe5ed12ab4d8e11ba873c2f11161202b945","requestId":"pause:baton-08c62fd1f846be42ab70d6e0-work:592"}]]
[m4a 2026-07-24T07:30:36.058Z] steered nudge_turn on pause:baton-08c62fd1f846be42ab70d6e0-work:592 for grammar-m4a-implementer
[m4a 2026-07-24T07:30:56.062Z] progress 2404s grammar-m4a-implementer=paused[[{"kind":"turn_checkpoint","workerId":"w-1","taskId":"baton-08c62fd1f846be42ab70d6e0-work","turnEpoch":29,"changedPathsDigest":"4f53cda18c2baa0c0354bb5f9a3ecbe5ed12ab4d8e11ba873c2f11161202b945","requestId":"pause:baton-08c62fd1f846be42ab70d6e0-work:600"}]]
[m4a 2026-07-24T07:30:56.107Z] steered nudge_turn on pause:baton-08c62fd1f846be42ab70d6e0-work:600 for grammar-m4a-implementer
[m4a 2026-07-24T07:31:16.110Z] progress 2424s grammar-m4a-implementer=paused[[{"kind":"turn_checkpoint","workerId":"w-1","taskId":"baton-08c62fd1f846be42ab70d6e0-work","turnEpoch":30,"changedPathsDigest":"4f53cda18c2baa0c0354bb5f9a3ecbe5ed12ab4d8e11ba873c2f11161202b945","requestId":"pause:baton-08c62fd1f846be42ab70d6e0-work:608"}]]
[m4a 2026-07-24T07:31:16.155Z] steered nudge_turn on pause:baton-08c62fd1f846be42ab70d6e0-work:608 for grammar-m4a-implementer
[m4a 2026-07-24T07:31:36.158Z] progress 2444s grammar-m4a-implementer=paused[[{"kind":"turn_checkpoint","workerId":"w-1","taskId":"baton-08c62fd1f846be42ab70d6e0-work","turnEpoch":31,"changedPathsDigest":"4f53cda18c2baa0c0354bb5f9a3ecbe5ed12ab4d8e11ba873c2f11161202b945","requestId":"pause:baton-08c62fd1f846be42ab70d6e0-work:616"}]]
[m4a 2026-07-24T07:31:36.203Z] steered nudge_turn on pause:baton-08c62fd1f846be42ab70d6e0-work:616 for grammar-m4a-implementer
[m4a 2026-07-24T07:31:56.210Z] progress 2464s grammar-m4a-implementer=paused[[{"kind":"turn_checkpoint","workerId":"w-1","taskId":"baton-08c62fd1f846be42ab70d6e0-work","turnEpoch":32,"changedPathsDigest":"4f53cda18c2baa0c0354bb5f9a3ecbe5ed12ab4d8e11ba873c2f11161202b945","requestId":"pause:baton-08c62fd1f846be42ab70d6e0-work:624"}]]
[m4a 2026-07-24T07:31:56.268Z] steered nudge_turn on pause:baton-08c62fd1f846be42ab70d6e0-work:624 for grammar-m4a-implementer
[m4a 2026-07-24T07:32:16.272Z] progress 2484s grammar-m4a-implementer=paused[[{"kind":"turn_checkpoint","workerId":"w-1","taskId":"baton-08c62fd1f846be42ab70d6e0-work","turnEpoch":33,"changedPathsDigest":"4f53cda18c2baa0c0354bb5f9a3ecbe5ed12ab4d8e11ba873c2f11161202b945","requestId":"pause:baton-08c62fd1f846be42ab70d6e0-work:632"}]]
[m4a 2026-07-24T07:32:16.320Z] steered nudge_turn on pause:baton-08c62fd1f846be42ab70d6e0-work:632 for grammar-m4a-implementer
[m4a 2026-07-24T07:32:36.324Z] progress 2504s grammar-m4a-implementer=paused[[{"kind":"turn_checkpoint","workerId":"w-1","taskId":"baton-08c62fd1f846be42ab70d6e0-work","turnEpoch":34,"changedPathsDigest":"4f53cda18c2baa0c0354bb5f9a3ecbe5ed12ab4d8e11ba873c2f11161202b945","requestId":"pause:baton-08c62fd1f846be42ab70d6e0-work:641"}]]
[m4a 2026-07-24T07:32:36.371Z] steered nudge_turn on pause:baton-08c62fd1f846be42ab70d6e0-work:641 for grammar-m4a-implementer
[m4a 2026-07-24T07:32:56.377Z] progress 2524s grammar-m4a-implementer=paused[[{"kind":"turn_checkpoint","workerId":"w-1","taskId":"baton-08c62fd1f846be42ab70d6e0-work","turnEpoch":35,"changedPathsDigest":"4f53cda18c2baa0c0354bb5f9a3ecbe5ed12ab4d8e11ba873c2f11161202b945","requestId":"pause:baton-08c62fd1f846be42ab70d6e0-work:649"}]]
[m4a 2026-07-24T07:32:56.431Z] steered nudge_turn on pause:baton-08c62fd1f846be42ab70d6e0-work:649 for grammar-m4a-implementer
[m4a 2026-07-24T07:33:16.435Z] progress 2544s grammar-m4a-implementer=paused[[{"kind":"turn_checkpoint","workerId":"w-1","taskId":"baton-08c62fd1f846be42ab70d6e0-work","turnEpoch":36,"changedPathsDigest":"4f53cda18c2baa0c0354bb5f9a3ecbe5ed12ab4d8e11ba873c2f11161202b945","requestId":"pause:baton-08c62fd1f846be42ab70d6e0-work:657"}]]
[m4a 2026-07-24T07:33:16.485Z] steered nudge_turn on pause:baton-08c62fd1f846be42ab70d6e0-work:657 for grammar-m4a-implementer
[m4a 2026-07-24T07:33:36.490Z] progress 2564s grammar-m4a-implementer=paused[[{"kind":"turn_checkpoint","workerId":"w-1","taskId":"baton-08c62fd1f846be42ab70d6e0-work","turnEpoch":37,"changedPathsDigest":"4f53cda18c2baa0c0354bb5f9a3ecbe5ed12ab4d8e11ba873c2f11161202b945","requestId":"pause:baton-08c62fd1f846be42ab70d6e0-work:665"}]]
[m4a 2026-07-24T07:33:36.539Z] steered nudge_turn on pause:baton-08c62fd1f846be42ab70d6e0-work:665 for grammar-m4a-implementer
[m4a 2026-07-24T07:33:56.544Z] progress 2584s grammar-m4a-implementer=paused[[{"kind":"turn_checkpoint","workerId":"w-1","taskId":"baton-08c62fd1f846be42ab70d6e0-work","turnEpoch":38,"changedPathsDigest":"4f53cda18c2baa0c0354bb5f9a3ecbe5ed12ab4d8e11ba873c2f11161202b945","requestId":"pause:baton-08c62fd1f846be42ab70d6e0-work:673"}]]
[m4a 2026-07-24T07:33:56.596Z] steered nudge_turn on pause:baton-08c62fd1f846be42ab70d6e0-work:673 for grammar-m4a-implementer
[m4a 2026-07-24T07:34:16.599Z] progress 2604s grammar-m4a-implementer=paused[[{"kind":"turn_checkpoint","workerId":"w-1","taskId":"baton-08c62fd1f846be42ab70d6e0-work","turnEpoch":39,"changedPathsDigest":"4f53cda18c2baa0c0354bb5f9a3ecbe5ed12ab4d8e11ba873c2f11161202b945","requestId":"pause:baton-08c62fd1f846be42ab70d6e0-work:681"}]]
[m4a 2026-07-24T07:34:16.649Z] steered nudge_turn on pause:baton-08c62fd1f846be42ab70d6e0-work:681 for grammar-m4a-implementer
[m4a 2026-07-24T07:34:36.651Z] progress 2624s grammar-m4a-implementer=paused[[{"kind":"turn_checkpoint","workerId":"w-1","taskId":"baton-08c62fd1f846be42ab70d6e0-work","turnEpoch":40,"changedPathsDigest":"4f53cda18c2baa0c0354bb5f9a3ecbe5ed12ab4d8e11ba873c2f11161202b945","requestId":"pause:baton-08c62fd1f846be42ab70d6e0-work:689"}]]
[m4a 2026-07-24T07:34:36.700Z] steered nudge_turn on pause:baton-08c62fd1f846be42ab70d6e0-work:689 for grammar-m4a-implementer
[m4a 2026-07-24T07:34:56.705Z] progress 2644s grammar-m4a-implementer=paused[[{"kind":"turn_checkpoint","workerId":"w-1","taskId":"baton-08c62fd1f846be42ab70d6e0-work","turnEpoch":41,"changedPathsDigest":"4f53cda18c2baa0c0354bb5f9a3ecbe5ed12ab4d8e11ba873c2f11161202b945","requestId":"pause:baton-08c62fd1f846be42ab70d6e0-work:697"}]]
[m4a 2026-07-24T07:34:56.758Z] steered nudge_turn on pause:baton-08c62fd1f846be42ab70d6e0-work:697 for grammar-m4a-implementer
[m4a 2026-07-24T07:35:16.761Z] progress 2664s grammar-m4a-implementer=paused[[{"kind":"turn_checkpoint","workerId":"w-1","taskId":"baton-08c62fd1f846be42ab70d6e0-work","turnEpoch":42,"changedPathsDigest":"4f53cda18c2baa0c0354bb5f9a3ecbe5ed12ab4d8e11ba873c2f11161202b945","requestId":"pause:baton-08c62fd1f846be42ab70d6e0-work:705"}]]
[m4a 2026-07-24T07:35:16.815Z] steered nudge_turn on pause:baton-08c62fd1f846be42ab70d6e0-work:705 for grammar-m4a-implementer
[m4a 2026-07-24T07:35:36.822Z] progress 2684s grammar-m4a-implementer=paused[[{"kind":"turn_checkpoint","workerId":"w-1","taskId":"baton-08c62fd1f846be42ab70d6e0-work","turnEpoch":43,"changedPathsDigest":"4f53cda18c2baa0c0354bb5f9a3ecbe5ed12ab4d8e11ba873c2f11161202b945","requestId":"pause:baton-08c62fd1f846be42ab70d6e0-work:713"}]]
[m4a 2026-07-24T07:35:36.922Z] steered nudge_turn on pause:baton-08c62fd1f846be42ab70d6e0-work:713 for grammar-m4a-implementer
[m4a 2026-07-24T07:35:56.928Z] progress 2704s grammar-m4a-implementer=paused[[{"kind":"turn_checkpoint","workerId":"w-1","taskId":"baton-08c62fd1f846be42ab70d6e0-work","turnEpoch":44,"changedPathsDigest":"4f53cda18c2baa0c0354bb5f9a3ecbe5ed12ab4d8e11ba873c2f11161202b945","requestId":"pause:baton-08c62fd1f846be42ab70d6e0-work:721"}]]
[m4a 2026-07-24T07:35:57.016Z] steered nudge_turn on pause:baton-08c62fd1f846be42ab70d6e0-work:721 for grammar-m4a-implementer
[m4a 2026-07-24T07:36:17.023Z] progress 2724s grammar-m4a-implementer=paused[[{"kind":"turn_checkpoint","workerId":"w-1","taskId":"baton-08c62fd1f846be42ab70d6e0-work","turnEpoch":45,"changedPathsDigest":"4f53cda18c2baa0c0354bb5f9a3ecbe5ed12ab4d8e11ba873c2f11161202b945","requestId":"pause:baton-08c62fd1f846be42ab70d6e0-work:729"}]]
[m4a 2026-07-24T07:36:17.078Z] steered nudge_turn on pause:baton-08c62fd1f846be42ab70d6e0-work:729 for grammar-m4a-implementer
[m4a 2026-07-24T07:36:37.084Z] progress 2745s grammar-m4a-implementer=paused[[{"kind":"turn_checkpoint","workerId":"w-1","taskId":"baton-08c62fd1f846be42ab70d6e0-work","turnEpoch":46,"changedPathsDigest":"4f53cda18c2baa0c0354bb5f9a3ecbe5ed12ab4d8e11ba873c2f11161202b945","requestId":"pause:baton-08c62fd1f846be42ab70d6e0-work:737"}]]
[m4a 2026-07-24T07:36:37.138Z] steered nudge_turn on pause:baton-08c62fd1f846be42ab70d6e0-work:737 for grammar-m4a-implementer
[m4a 2026-07-24T07:36:57.141Z] progress 2765s grammar-m4a-implementer=paused[[{"kind":"turn_checkpoint","workerId":"w-1","taskId":"baton-08c62fd1f846be42ab70d6e0-work","turnEpoch":47,"changedPathsDigest":"4f53cda18c2baa0c0354bb5f9a3ecbe5ed12ab4d8e11ba873c2f11161202b945","requestId":"pause:baton-08c62fd1f846be42ab70d6e0-work:745"}]]
[m4a 2026-07-24T07:36:57.192Z] steered nudge_turn on pause:baton-08c62fd1f846be42ab70d6e0-work:745 for grammar-m4a-implementer
[m4a 2026-07-24T07:37:17.196Z] progress 2785s grammar-m4a-implementer=paused[[{"kind":"turn_checkpoint","workerId":"w-1","taskId":"baton-08c62fd1f846be42ab70d6e0-work","turnEpoch":48,"changedPathsDigest":"4f53cda18c2baa0c0354bb5f9a3ecbe5ed12ab4d8e11ba873c2f11161202b945","requestId":"pause:baton-08c62fd1f846be42ab70d6e0-work:753"}]]
[m4a 2026-07-24T07:37:17.251Z] steered nudge_turn on pause:baton-08c62fd1f846be42ab70d6e0-work:753 for grammar-m4a-implementer
[m4a 2026-07-24T07:37:37.259Z] progress 2805s grammar-m4a-implementer=paused[[{"kind":"turn_checkpoint","workerId":"w-1","taskId":"baton-08c62fd1f846be42ab70d6e0-work","turnEpoch":49,"changedPathsDigest":"4f53cda18c2baa0c0354bb5f9a3ecbe5ed12ab4d8e11ba873c2f11161202b945","requestId":"pause:baton-08c62fd1f846be42ab70d6e0-work:761"}]]
[m4a 2026-07-24T07:37:37.314Z] steered nudge_turn on pause:baton-08c62fd1f846be42ab70d6e0-work:761 for grammar-m4a-implementer
[m4a 2026-07-24T07:37:57.317Z] progress 2825s grammar-m4a-implementer=paused[[{"kind":"turn_checkpoint","workerId":"w-1","taskId":"baton-08c62fd1f846be42ab70d6e0-work","turnEpoch":50,"changedPathsDigest":"4f53cda18c2baa0c0354bb5f9a3ecbe5ed12ab4d8e11ba873c2f11161202b945","requestId":"pause:baton-08c62fd1f846be42ab70d6e0-work:769"}]]
[m4a 2026-07-24T07:37:57.369Z] steered nudge_turn on pause:baton-08c62fd1f846be42ab70d6e0-work:769 for grammar-m4a-implementer
[m4a 2026-07-24T07:38:17.375Z] progress 2845s grammar-m4a-implementer=paused[[{"kind":"turn_checkpoint","workerId":"w-1","taskId":"baton-08c62fd1f846be42ab70d6e0-work","turnEpoch":51,"changedPathsDigest":"4f53cda18c2baa0c0354bb5f9a3ecbe5ed12ab4d8e11ba873c2f11161202b945","requestId":"pause:baton-08c62fd1f846be42ab70d6e0-work:777"}]]
[m4a 2026-07-24T07:38:17.432Z] steered nudge_turn on pause:baton-08c62fd1f846be42ab70d6e0-work:777 for grammar-m4a-implementer
[m4a 2026-07-24T07:38:37.436Z] progress 2865s grammar-m4a-implementer=paused[[{"kind":"turn_checkpoint","workerId":"w-1","taskId":"baton-08c62fd1f846be42ab70d6e0-work","turnEpoch":52,"changedPathsDigest":"4f53cda18c2baa0c0354bb5f9a3ecbe5ed12ab4d8e11ba873c2f11161202b945","requestId":"pause:baton-08c62fd1f846be42ab70d6e0-work:785"}]]
[m4a 2026-07-24T07:38:37.489Z] steered nudge_turn on pause:baton-08c62fd1f846be42ab70d6e0-work:785 for grammar-m4a-implementer
[m4a 2026-07-24T07:38:57.499Z] progress 2885s grammar-m4a-implementer=paused[[{"kind":"turn_checkpoint","workerId":"w-1","taskId":"baton-08c62fd1f846be42ab70d6e0-work","turnEpoch":53,"changedPathsDigest":"4f53cda18c2baa0c0354bb5f9a3ecbe5ed12ab4d8e11ba873c2f11161202b945","requestId":"pause:baton-08c62fd1f846be42ab70d6e0-work:793"}]]
[m4a 2026-07-24T07:38:57.565Z] steered nudge_turn on pause:baton-08c62fd1f846be42ab70d6e0-work:793 for grammar-m4a-implementer
[m4a 2026-07-24T07:39:17.569Z] progress 2905s grammar-m4a-implementer=paused[[{"kind":"turn_checkpoint","workerId":"w-1","taskId":"baton-08c62fd1f846be42ab70d6e0-work","turnEpoch":54,"changedPathsDigest":"4f53cda18c2baa0c0354bb5f9a3ecbe5ed12ab4d8e11ba873c2f11161202b945","requestId":"pause:baton-08c62fd1f846be42ab70d6e0-work:801"}]]
[m4a 2026-07-24T07:39:17.627Z] steered nudge_turn on pause:baton-08c62fd1f846be42ab70d6e0-work:801 for grammar-m4a-implementer
[m4a 2026-07-24T07:39:37.631Z] progress 2925s grammar-m4a-implementer=paused[[{"kind":"turn_checkpoint","workerId":"w-1","taskId":"baton-08c62fd1f846be42ab70d6e0-work","turnEpoch":55,"changedPathsDigest":"4f53cda18c2baa0c0354bb5f9a3ecbe5ed12ab4d8e11ba873c2f11161202b945","requestId":"pause:baton-08c62fd1f846be42ab70d6e0-work:809"}]]
[m4a 2026-07-24T07:39:37.685Z] steered nudge_turn on pause:baton-08c62fd1f846be42ab70d6e0-work:809 for grammar-m4a-implementer
[m4a 2026-07-24T07:39:57.690Z] progress 2945s grammar-m4a-implementer=paused[[{"kind":"turn_checkpoint","workerId":"w-1","taskId":"baton-08c62fd1f846be42ab70d6e0-work","turnEpoch":56,"changedPathsDigest":"4f53cda18c2baa0c0354bb5f9a3ecbe5ed12ab4d8e11ba873c2f11161202b945","requestId":"pause:baton-08c62fd1f846be42ab70d6e0-work:817"}]]
[m4a 2026-07-24T07:39:57.753Z] steered nudge_turn on pause:baton-08c62fd1f846be42ab70d6e0-work:817 for grammar-m4a-implementer
[m4a 2026-07-24T07:40:17.760Z] progress 2965s grammar-m4a-implementer=paused[[{"kind":"turn_checkpoint","workerId":"w-1","taskId":"baton-08c62fd1f846be42ab70d6e0-work","turnEpoch":57,"changedPathsDigest":"4f53cda18c2baa0c0354bb5f9a3ecbe5ed12ab4d8e11ba873c2f11161202b945","requestId":"pause:baton-08c62fd1f846be42ab70d6e0-work:825"}]]
[m4a 2026-07-24T07:40:17.828Z] steered nudge_turn on pause:baton-08c62fd1f846be42ab70d6e0-work:825 for grammar-m4a-implementer
[m4a 2026-07-24T07:40:37.834Z] progress 2985s grammar-m4a-implementer=paused[[{"kind":"turn_checkpoint","workerId":"w-1","taskId":"baton-08c62fd1f846be42ab70d6e0-work","turnEpoch":58,"changedPathsDigest":"4f53cda18c2baa0c0354bb5f9a3ecbe5ed12ab4d8e11ba873c2f11161202b945","requestId":"pause:baton-08c62fd1f846be42ab70d6e0-work:833"}]]
[m4a 2026-07-24T07:40:37.904Z] steered nudge_turn on pause:baton-08c62fd1f846be42ab70d6e0-work:833 for grammar-m4a-implementer
[m4a 2026-07-24T07:40:57.909Z] progress 3005s grammar-m4a-implementer=paused[[{"kind":"turn_checkpoint","workerId":"w-1","taskId":"baton-08c62fd1f846be42ab70d6e0-work","turnEpoch":59,"changedPathsDigest":"4f53cda18c2baa0c0354bb5f9a3ecbe5ed12ab4d8e11ba873c2f11161202b945","requestId":"pause:baton-08c62fd1f846be42ab70d6e0-work:841"}]]
[m4a 2026-07-24T07:40:58.002Z] steered nudge_turn on pause:baton-08c62fd1f846be42ab70d6e0-work:841 for grammar-m4a-implementer
[m4a 2026-07-24T07:41:18.013Z] progress 3025s grammar-m4a-implementer=paused[[{"kind":"turn_checkpoint","workerId":"w-1","taskId":"baton-08c62fd1f846be42ab70d6e0-work","turnEpoch":60,"changedPathsDigest":"4f53cda18c2baa0c0354bb5f9a3ecbe5ed12ab4d8e11ba873c2f11161202b945","requestId":"pause:baton-08c62fd1f846be42ab70d6e0-work:849"}]]
[m4a 2026-07-24T07:41:18.080Z] steered nudge_turn on pause:baton-08c62fd1f846be42ab70d6e0-work:849 for grammar-m4a-implementer
[m4a 2026-07-24T07:41:38.089Z] progress 3046s grammar-m4a-implementer=paused[[{"kind":"turn_checkpoint","workerId":"w-1","taskId":"baton-08c62fd1f846be42ab70d6e0-work","turnEpoch":61,"changedPathsDigest":"4f53cda18c2baa0c0354bb5f9a3ecbe5ed12ab4d8e11ba873c2f11161202b945","requestId":"pause:baton-08c62fd1f846be42ab70d6e0-work:857"}]]
[m4a 2026-07-24T07:41:38.160Z] steered nudge_turn on pause:baton-08c62fd1f846be42ab70d6e0-work:857 for grammar-m4a-implementer
[m4a 2026-07-24T07:41:58.166Z] progress 3066s grammar-m4a-implementer=paused[[{"kind":"turn_checkpoint","workerId":"w-1","taskId":"baton-08c62fd1f846be42ab70d6e0-work","turnEpoch":62,"changedPathsDigest":"4f53cda18c2baa0c0354bb5f9a3ecbe5ed12ab4d8e11ba873c2f11161202b945","requestId":"pause:baton-08c62fd1f846be42ab70d6e0-work:865"}]]
[m4a 2026-07-24T07:41:58.229Z] steered nudge_turn on pause:baton-08c62fd1f846be42ab70d6e0-work:865 for grammar-m4a-implementer
[m4a 2026-07-24T07:42:18.235Z] progress 3086s grammar-m4a-implementer=paused[[{"kind":"turn_checkpoint","workerId":"w-1","taskId":"baton-08c62fd1f846be42ab70d6e0-work","turnEpoch":63,"changedPathsDigest":"4f53cda18c2baa0c0354bb5f9a3ecbe5ed12ab4d8e11ba873c2f11161202b945","requestId":"pause:baton-08c62fd1f846be42ab70d6e0-work:873"}]]
[m4a 2026-07-24T07:42:18.305Z] steered nudge_turn on pause:baton-08c62fd1f846be42ab70d6e0-work:873 for grammar-m4a-implementer
[m4a 2026-07-24T07:42:38.312Z] progress 3106s grammar-m4a-implementer=paused[[{"kind":"turn_checkpoint","workerId":"w-1","taskId":"baton-08c62fd1f846be42ab70d6e0-work","turnEpoch":64,"changedPathsDigest":"4f53cda18c2baa0c0354bb5f9a3ecbe5ed12ab4d8e11ba873c2f11161202b945","requestId":"pause:baton-08c62fd1f846be42ab70d6e0-work:881"}]]
[m4a 2026-07-24T07:42:38.383Z] steered nudge_turn on pause:baton-08c62fd1f846be42ab70d6e0-work:881 for grammar-m4a-implementer
[m4a 2026-07-24T07:42:58.386Z] progress 3126s grammar-m4a-implementer=paused[[{"kind":"turn_checkpoint","workerId":"w-1","taskId":"baton-08c62fd1f846be42ab70d6e0-work","turnEpoch":65,"changedPathsDigest":"4f53cda18c2baa0c0354bb5f9a3ecbe5ed12ab4d8e11ba873c2f11161202b945","requestId":"pause:baton-08c62fd1f846be42ab70d6e0-work:889"}]]
[m4a 2026-07-24T07:42:58.444Z] steered nudge_turn on pause:baton-08c62fd1f846be42ab70d6e0-work:889 for grammar-m4a-implementer
[m4a 2026-07-24T07:43:18.454Z] progress 3146s grammar-m4a-implementer=paused[[{"kind":"turn_checkpoint","workerId":"w-1","taskId":"baton-08c62fd1f846be42ab70d6e0-work","turnEpoch":66,"changedPathsDigest":"4f53cda18c2baa0c0354bb5f9a3ecbe5ed12ab4d8e11ba873c2f11161202b945","requestId":"pause:baton-08c62fd1f846be42ab70d6e0-work:897"}]]
[m4a 2026-07-24T07:43:18.525Z] steered nudge_turn on pause:baton-08c62fd1f846be42ab70d6e0-work:897 for grammar-m4a-implementer
[m4a 2026-07-24T07:43:38.532Z] progress 3166s grammar-m4a-implementer=paused[[{"kind":"turn_checkpoint","workerId":"w-1","taskId":"baton-08c62fd1f846be42ab70d6e0-work","turnEpoch":67,"changedPathsDigest":"4f53cda18c2baa0c0354bb5f9a3ecbe5ed12ab4d8e11ba873c2f11161202b945","requestId":"pause:baton-08c62fd1f846be42ab70d6e0-work:905"}]]
[m4a 2026-07-24T07:43:38.611Z] steered nudge_turn on pause:baton-08c62fd1f846be42ab70d6e0-work:905 for grammar-m4a-implementer
[m4a 2026-07-24T07:43:58.618Z] progress 3186s grammar-m4a-implementer=paused[[{"kind":"turn_checkpoint","workerId":"w-1","taskId":"baton-08c62fd1f846be42ab70d6e0-work","turnEpoch":68,"changedPathsDigest":"4f53cda18c2baa0c0354bb5f9a3ecbe5ed12ab4d8e11ba873c2f11161202b945","requestId":"pause:baton-08c62fd1f846be42ab70d6e0-work:913"}]]
[m4a 2026-07-24T07:43:58.693Z] steered nudge_turn on pause:baton-08c62fd1f846be42ab70d6e0-work:913 for grammar-m4a-implementer
[m4a 2026-07-24T07:44:18.696Z] progress 3206s grammar-m4a-implementer=paused[[{"kind":"turn_checkpoint","workerId":"w-1","taskId":"baton-08c62fd1f846be42ab70d6e0-work","turnEpoch":69,"changedPathsDigest":"4f53cda18c2baa0c0354bb5f9a3ecbe5ed12ab4d8e11ba873c2f11161202b945","requestId":"pause:baton-08c62fd1f846be42ab70d6e0-work:921"}]]
[m4a 2026-07-24T07:44:18.760Z] steered nudge_turn on pause:baton-08c62fd1f846be42ab70d6e0-work:921 for grammar-m4a-implementer
[m4a 2026-07-24T07:44:38.765Z] progress 3226s grammar-m4a-implementer=paused[[{"kind":"turn_checkpoint","workerId":"w-1","taskId":"baton-08c62fd1f846be42ab70d6e0-work","turnEpoch":70,"changedPathsDigest":"4f53cda18c2baa0c0354bb5f9a3ecbe5ed12ab4d8e11ba873c2f11161202b945","requestId":"pause:baton-08c62fd1f846be42ab70d6e0-work:929"}]]
[m4a 2026-07-24T07:44:38.826Z] steered nudge_turn on pause:baton-08c62fd1f846be42ab70d6e0-work:929 for grammar-m4a-implementer
[m4a 2026-07-24T07:44:58.831Z] progress 3246s grammar-m4a-implementer=paused[[{"kind":"turn_checkpoint","workerId":"w-1","taskId":"baton-08c62fd1f846be42ab70d6e0-work","turnEpoch":71,"changedPathsDigest":"4f53cda18c2baa0c0354bb5f9a3ecbe5ed12ab4d8e11ba873c2f11161202b945","requestId":"pause:baton-08c62fd1f846be42ab70d6e0-work:937"}]]
[m4a 2026-07-24T07:44:58.895Z] steered nudge_turn on pause:baton-08c62fd1f846be42ab70d6e0-work:937 for grammar-m4a-implementer
[m4a 2026-07-24T07:45:18.900Z] progress 3266s grammar-m4a-implementer=paused[[{"kind":"turn_checkpoint","workerId":"w-1","taskId":"baton-08c62fd1f846be42ab70d6e0-work","turnEpoch":72,"changedPathsDigest":"4f53cda18c2baa0c0354bb5f9a3ecbe5ed12ab4d8e11ba873c2f11161202b945","requestId":"pause:baton-08c62fd1f846be42ab70d6e0-work:945"}]]
[m4a 2026-07-24T07:45:18.971Z] steered nudge_turn on pause:baton-08c62fd1f846be42ab70d6e0-work:945 for grammar-m4a-implementer
[m4a 2026-07-24T07:45:38.979Z] progress 3286s grammar-m4a-implementer=paused[[{"kind":"turn_checkpoint","workerId":"w-1","taskId":"baton-08c62fd1f846be42ab70d6e0-work","turnEpoch":73,"changedPathsDigest":"4f53cda18c2baa0c0354bb5f9a3ecbe5ed12ab4d8e11ba873c2f11161202b945","requestId":"pause:baton-08c62fd1f846be42ab70d6e0-work:953"}]]
[m4a 2026-07-24T07:45:39.053Z] steered nudge_turn on pause:baton-08c62fd1f846be42ab70d6e0-work:953 for grammar-m4a-implementer
[m4a 2026-07-24T07:45:59.061Z] progress 3307s grammar-m4a-implementer=paused[[{"kind":"turn_checkpoint","workerId":"w-1","taskId":"baton-08c62fd1f846be42ab70d6e0-work","turnEpoch":74,"changedPathsDigest":"4f53cda18c2baa0c0354bb5f9a3ecbe5ed12ab4d8e11ba873c2f11161202b945","requestId":"pause:baton-08c62fd1f846be42ab70d6e0-work:961"}]]
[m4a 2026-07-24T07:45:59.136Z] steered nudge_turn on pause:baton-08c62fd1f846be42ab70d6e0-work:961 for grammar-m4a-implementer
[m4a 2026-07-24T07:46:19.147Z] progress 3327s grammar-m4a-implementer=paused[[{"kind":"turn_checkpoint","workerId":"w-1","taskId":"baton-08c62fd1f846be42ab70d6e0-work","turnEpoch":75,"changedPathsDigest":"4f53cda18c2baa0c0354bb5f9a3ecbe5ed12ab4d8e11ba873c2f11161202b945","requestId":"pause:baton-08c62fd1f846be42ab70d6e0-work:969"}]]
[m4a 2026-07-24T07:46:19.224Z] steered nudge_turn on pause:baton-08c62fd1f846be42ab70d6e0-work:969 for grammar-m4a-implementer
[m4a 2026-07-24T07:46:39.231Z] progress 3347s grammar-m4a-implementer=paused[[{"kind":"turn_checkpoint","workerId":"w-1","taskId":"baton-08c62fd1f846be42ab70d6e0-work","turnEpoch":76,"changedPathsDigest":"4f53cda18c2baa0c0354bb5f9a3ecbe5ed12ab4d8e11ba873c2f11161202b945","requestId":"pause:baton-08c62fd1f846be42ab70d6e0-work:977"}]]
[m4a 2026-07-24T07:46:39.304Z] steered nudge_turn on pause:baton-08c62fd1f846be42ab70d6e0-work:977 for grammar-m4a-implementer
[m4a 2026-07-24T07:46:59.308Z] progress 3367s grammar-m4a-implementer=paused[[{"kind":"turn_checkpoint","workerId":"w-1","taskId":"baton-08c62fd1f846be42ab70d6e0-work","turnEpoch":77,"changedPathsDigest":"4f53cda18c2baa0c0354bb5f9a3ecbe5ed12ab4d8e11ba873c2f11161202b945","requestId":"pause:baton-08c62fd1f846be42ab70d6e0-work:985"}]]
[m4a 2026-07-24T07:46:59.377Z] steered nudge_turn on pause:baton-08c62fd1f846be42ab70d6e0-work:985 for grammar-m4a-implementer
[m4a 2026-07-24T07:47:19.382Z] progress 3387s grammar-m4a-implementer=paused[[{"kind":"turn_checkpoint","workerId":"w-1","taskId":"baton-08c62fd1f846be42ab70d6e0-work","turnEpoch":78,"changedPathsDigest":"4f53cda18c2baa0c0354bb5f9a3ecbe5ed12ab4d8e11ba873c2f11161202b945","requestId":"pause:baton-08c62fd1f846be42ab70d6e0-work:993"}]]
[m4a 2026-07-24T07:47:19.447Z] steered nudge_turn on pause:baton-08c62fd1f846be42ab70d6e0-work:993 for grammar-m4a-implementer
[m4a 2026-07-24T07:47:39.455Z] progress 3407s grammar-m4a-implementer=paused[[{"kind":"turn_checkpoint","workerId":"w-1","taskId":"baton-08c62fd1f846be42ab70d6e0-work","turnEpoch":79,"changedPathsDigest":"4f53cda18c2baa0c0354bb5f9a3ecbe5ed12ab4d8e11ba873c2f11161202b945","requestId":"pause:baton-08c62fd1f846be42ab70d6e0-work:1001"}]]
[m4a 2026-07-24T07:47:39.531Z] steered nudge_turn on pause:baton-08c62fd1f846be42ab70d6e0-work:1001 for grammar-m4a-implementer
[m4a 2026-07-24T07:47:59.539Z] progress 3427s grammar-m4a-implementer=paused[[{"kind":"turn_checkpoint","workerId":"w-1","taskId":"baton-08c62fd1f846be42ab70d6e0-work","turnEpoch":80,"changedPathsDigest":"4f53cda18c2baa0c0354bb5f9a3ecbe5ed12ab4d8e11ba873c2f11161202b945","requestId":"pause:baton-08c62fd1f846be42ab70d6e0-work:1009"}]]
[m4a 2026-07-24T07:47:59.620Z] steered nudge_turn on pause:baton-08c62fd1f846be42ab70d6e0-work:1009 for grammar-m4a-implementer
[m4a 2026-07-24T07:48:19.625Z] progress 3447s grammar-m4a-implementer=paused[[{"kind":"turn_checkpoint","workerId":"w-1","taskId":"baton-08c62fd1f846be42ab70d6e0-work","turnEpoch":81,"changedPathsDigest":"4f53cda18c2baa0c0354bb5f9a3ecbe5ed12ab4d8e11ba873c2f11161202b945","requestId":"pause:baton-08c62fd1f846be42ab70d6e0-work:1017"}]]
[m4a 2026-07-24T07:48:19.690Z] steered nudge_turn on pause:baton-08c62fd1f846be42ab70d6e0-work:1017 for grammar-m4a-implementer
[m4a 2026-07-24T07:48:39.700Z] progress 3467s grammar-m4a-implementer=paused[[{"kind":"turn_checkpoint","workerId":"w-1","taskId":"baton-08c62fd1f846be42ab70d6e0-work","turnEpoch":82,"changedPathsDigest":"4f53cda18c2baa0c0354bb5f9a3ecbe5ed12ab4d8e11ba873c2f11161202b945","requestId":"pause:baton-08c62fd1f846be42ab70d6e0-work:1025"}]]
[m4a 2026-07-24T07:48:39.779Z] steered nudge_turn on pause:baton-08c62fd1f846be42ab70d6e0-work:1025 for grammar-m4a-implementer
[m4a 2026-07-24T07:48:59.786Z] progress 3487s grammar-m4a-implementer=paused[[{"kind":"turn_checkpoint","workerId":"w-1","taskId":"baton-08c62fd1f846be42ab70d6e0-work","turnEpoch":83,"changedPathsDigest":"4f53cda18c2baa0c0354bb5f9a3ecbe5ed12ab4d8e11ba873c2f11161202b945","requestId":"pause:baton-08c62fd1f846be42ab70d6e0-work:1033"}]]
[m4a 2026-07-24T07:48:59.854Z] steered nudge_turn on pause:baton-08c62fd1f846be42ab70d6e0-work:1033 for grammar-m4a-implementer
[m4a 2026-07-24T07:49:19.859Z] progress 3507s grammar-m4a-implementer=paused[[{"kind":"turn_checkpoint","workerId":"w-1","taskId":"baton-08c62fd1f846be42ab70d6e0-work","turnEpoch":84,"changedPathsDigest":"4f53cda18c2baa0c0354bb5f9a3ecbe5ed12ab4d8e11ba873c2f11161202b945","requestId":"pause:baton-08c62fd1f846be42ab70d6e0-work:1041"}]]
[m4a 2026-07-24T07:49:19.924Z] steered nudge_turn on pause:baton-08c62fd1f846be42ab70d6e0-work:1041 for grammar-m4a-implementer
[m4a 2026-07-24T07:49:39.941Z] progress 3527s grammar-m4a-implementer=paused[[{"kind":"turn_checkpoint","workerId":"w-1","taskId":"baton-08c62fd1f846be42ab70d6e0-work","turnEpoch":85,"changedPathsDigest":"4f53cda18c2baa0c0354bb5f9a3ecbe5ed12ab4d8e11ba873c2f11161202b945","requestId":"pause:baton-08c62fd1f846be42ab70d6e0-work:1049"}]]
[m4a 2026-07-24T07:49:40.011Z] steered nudge_turn on pause:baton-08c62fd1f846be42ab70d6e0-work:1049 for grammar-m4a-implementer
[m4a 2026-07-24T07:50:00.015Z] progress 3547s grammar-m4a-implementer=paused[[{"kind":"turn_checkpoint","workerId":"w-1","taskId":"baton-08c62fd1f846be42ab70d6e0-work","turnEpoch":86,"changedPathsDigest":"4f53cda18c2baa0c0354bb5f9a3ecbe5ed12ab4d8e11ba873c2f11161202b945","requestId":"pause:baton-08c62fd1f846be42ab70d6e0-work:1057"}]]
[m4a 2026-07-24T07:50:00.082Z] steered nudge_turn on pause:baton-08c62fd1f846be42ab70d6e0-work:1057 for grammar-m4a-implementer
[m4a 2026-07-24T07:50:20.092Z] progress 3568s grammar-m4a-implementer=paused[[{"kind":"turn_checkpoint","workerId":"w-1","taskId":"baton-08c62fd1f846be42ab70d6e0-work","turnEpoch":87,"changedPathsDigest":"4f53cda18c2baa0c0354bb5f9a3ecbe5ed12ab4d8e11ba873c2f11161202b945","requestId":"pause:baton-08c62fd1f846be42ab70d6e0-work:1065"}]]
[m4a 2026-07-24T07:50:20.184Z] steered nudge_turn on pause:baton-08c62fd1f846be42ab70d6e0-work:1065 for grammar-m4a-implementer
[m4a 2026-07-24T07:50:40.197Z] progress 3588s grammar-m4a-implementer=paused[[{"kind":"turn_checkpoint","workerId":"w-1","taskId":"baton-08c62fd1f846be42ab70d6e0-work","turnEpoch":88,"changedPathsDigest":"4f53cda18c2baa0c0354bb5f9a3ecbe5ed12ab4d8e11ba873c2f11161202b945","requestId":"pause:baton-08c62fd1f846be42ab70d6e0-work:1073"}]]
[m4a 2026-07-24T07:50:40.288Z] steered nudge_turn on pause:baton-08c62fd1f846be42ab70d6e0-work:1073 for grammar-m4a-implementer
[m4a 2026-07-24T07:51:00.304Z] progress 3608s grammar-m4a-implementer=paused[[{"kind":"turn_checkpoint","workerId":"w-1","taskId":"baton-08c62fd1f846be42ab70d6e0-work","turnEpoch":89,"changedPathsDigest":"4f53cda18c2baa0c0354bb5f9a3ecbe5ed12ab4d8e11ba873c2f11161202b945","requestId":"pause:baton-08c62fd1f846be42ab70d6e0-work:1081"}]]
[m4a 2026-07-24T07:51:00.385Z] steered nudge_turn on pause:baton-08c62fd1f846be42ab70d6e0-work:1081 for grammar-m4a-implementer
[m4a 2026-07-24T07:51:20.398Z] progress 3628s grammar-m4a-implementer=paused[[{"kind":"turn_checkpoint","workerId":"w-1","taskId":"baton-08c62fd1f846be42ab70d6e0-work","turnEpoch":90,"changedPathsDigest":"4f53cda18c2baa0c0354bb5f9a3ecbe5ed12ab4d8e11ba873c2f11161202b945","requestId":"pause:baton-08c62fd1f846be42ab70d6e0-work:1089"}]]
[m4a 2026-07-24T07:51:20.494Z] steered nudge_turn on pause:baton-08c62fd1f846be42ab70d6e0-work:1089 for grammar-m4a-implementer
[m4a 2026-07-24T07:51:40.502Z] progress 3648s grammar-m4a-implementer=paused[[{"kind":"turn_checkpoint","workerId":"w-1","taskId":"baton-08c62fd1f846be42ab70d6e0-work","turnEpoch":91,"changedPathsDigest":"4f53cda18c2baa0c0354bb5f9a3ecbe5ed12ab4d8e11ba873c2f11161202b945","requestId":"pause:baton-08c62fd1f846be42ab70d6e0-work:1097"}]]
[m4a 2026-07-24T07:51:40.587Z] steered nudge_turn on pause:baton-08c62fd1f846be42ab70d6e0-work:1097 for grammar-m4a-implementer
[m4a 2026-07-24T07:52:00.592Z] progress 3668s grammar-m4a-implementer=paused[[{"kind":"turn_checkpoint","workerId":"w-1","taskId":"baton-08c62fd1f846be42ab70d6e0-work","turnEpoch":92,"changedPathsDigest":"4f53cda18c2baa0c0354bb5f9a3ecbe5ed12ab4d8e11ba873c2f11161202b945","requestId":"pause:baton-08c62fd1f846be42ab70d6e0-work:1105"}]]
[m4a 2026-07-24T07:52:00.657Z] steered nudge_turn on pause:baton-08c62fd1f846be42ab70d6e0-work:1105 for grammar-m4a-implementer
[m4a 2026-07-24T07:52:20.671Z] progress 3688s grammar-m4a-implementer=paused[[{"kind":"turn_checkpoint","workerId":"w-1","taskId":"baton-08c62fd1f846be42ab70d6e0-work","turnEpoch":93,"changedPathsDigest":"4f53cda18c2baa0c0354bb5f9a3ecbe5ed12ab4d8e11ba873c2f11161202b945","requestId":"pause:baton-08c62fd1f846be42ab70d6e0-work:1113"}]]
[m4a 2026-07-24T07:52:20.763Z] steered nudge_turn on pause:baton-08c62fd1f846be42ab70d6e0-work:1113 for grammar-m4a-implementer
[m4a 2026-07-24T07:52:40.767Z] progress 3708s grammar-m4a-implementer=paused[[{"kind":"turn_checkpoint","workerId":"w-1","taskId":"baton-08c62fd1f846be42ab70d6e0-work","turnEpoch":94,"changedPathsDigest":"4f53cda18c2baa0c0354bb5f9a3ecbe5ed12ab4d8e11ba873c2f11161202b945","requestId":"pause:baton-08c62fd1f846be42ab70d6e0-work:1121"}]]
[m4a 2026-07-24T07:52:40.834Z] steered nudge_turn on pause:baton-08c62fd1f846be42ab70d6e0-work:1121 for grammar-m4a-implementer
[m4a 2026-07-24T07:53:00.846Z] progress 3728s grammar-m4a-implementer=paused[[{"kind":"turn_checkpoint","workerId":"w-1","taskId":"baton-08c62fd1f846be42ab70d6e0-work","turnEpoch":95,"changedPathsDigest":"4f53cda18c2baa0c0354bb5f9a3ecbe5ed12ab4d8e11ba873c2f11161202b945","requestId":"pause:baton-08c62fd1f846be42ab70d6e0-work:1129"}]]
[m4a 2026-07-24T07:53:00.933Z] steered nudge_turn on pause:baton-08c62fd1f846be42ab70d6e0-work:1129 for grammar-m4a-implementer
[m4a 2026-07-24T07:53:20.939Z] progress 3748s grammar-m4a-implementer=paused[[{"kind":"turn_checkpoint","workerId":"w-1","taskId":"baton-08c62fd1f846be42ab70d6e0-work","turnEpoch":96,"changedPathsDigest":"4f53cda18c2baa0c0354bb5f9a3ecbe5ed12ab4d8e11ba873c2f11161202b945","requestId":"pause:baton-08c62fd1f846be42ab70d6e0-work:1137"}]]
[m4a 2026-07-24T07:53:21.008Z] steered nudge_turn on pause:baton-08c62fd1f846be42ab70d6e0-work:1137 for grammar-m4a-implementer
[m4a 2026-07-24T07:53:41.014Z] progress 3768s grammar-m4a-implementer=paused[[{"kind":"turn_checkpoint","workerId":"w-1","taskId":"baton-08c62fd1f846be42ab70d6e0-work","turnEpoch":97,"changedPathsDigest":"4f53cda18c2baa0c0354bb5f9a3ecbe5ed12ab4d8e11ba873c2f11161202b945","requestId":"pause:baton-08c62fd1f846be42ab70d6e0-work:1145"}]]
[m4a 2026-07-24T07:53:41.161Z] steered nudge_turn on pause:baton-08c62fd1f846be42ab70d6e0-work:1145 for grammar-m4a-implementer
[m4a 2026-07-24T07:54:01.169Z] progress 3789s grammar-m4a-implementer=paused[[{"kind":"turn_checkpoint","workerId":"w-1","taskId":"baton-08c62fd1f846be42ab70d6e0-work","turnEpoch":98,"changedPathsDigest":"4f53cda18c2baa0c0354bb5f9a3ecbe5ed12ab4d8e11ba873c2f11161202b945","requestId":"pause:baton-08c62fd1f846be42ab70d6e0-work:1153"}]]
[m4a 2026-07-24T07:54:01.247Z] steered nudge_turn on pause:baton-08c62fd1f846be42ab70d6e0-work:1153 for grammar-m4a-implementer
[m4a 2026-07-24T07:54:21.251Z] progress 3809s grammar-m4a-implementer=paused[[{"kind":"turn_checkpoint","workerId":"w-1","taskId":"baton-08c62fd1f846be42ab70d6e0-work","turnEpoch":99,"changedPathsDigest":"4f53cda18c2baa0c0354bb5f9a3ecbe5ed12ab4d8e11ba873c2f11161202b945","requestId":"pause:baton-08c62fd1f846be42ab70d6e0-work:1161"}]]
[m4a 2026-07-24T07:54:21.324Z] steered nudge_turn on pause:baton-08c62fd1f846be42ab70d6e0-work:1161 for grammar-m4a-implementer
[m4a 2026-07-24T07:54:41.329Z] progress 3829s grammar-m4a-implementer=paused[[{"kind":"turn_checkpoint","workerId":"w-1","taskId":"baton-08c62fd1f846be42ab70d6e0-work","turnEpoch":100,"changedPathsDigest":"4f53cda18c2baa0c0354bb5f9a3ecbe5ed12ab4d8e11ba873c2f11161202b945","requestId":"pause:baton-08c62fd1f846be42ab70d6e0-work:1169"}]]
[m4a 2026-07-24T07:54:41.398Z] steered nudge_turn on pause:baton-08c62fd1f846be42ab70d6e0-work:1169 for grammar-m4a-implementer
[m4a 2026-07-24T07:55:01.404Z] progress 3849s grammar-m4a-implementer=paused[[{"kind":"turn_checkpoint","workerId":"w-1","taskId":"baton-08c62fd1f846be42ab70d6e0-work","turnEpoch":101,"changedPathsDigest":"4f53cda18c2baa0c0354bb5f9a3ecbe5ed12ab4d8e11ba873c2f11161202b945","requestId":"pause:baton-08c62fd1f846be42ab70d6e0-work:1177"}]]
[m4a 2026-07-24T07:55:01.476Z] steered nudge_turn on pause:baton-08c62fd1f846be42ab70d6e0-work:1177 for grammar-m4a-implementer
[m4a 2026-07-24T07:55:21.480Z] progress 3869s grammar-m4a-implementer=paused[[{"kind":"turn_checkpoint","workerId":"w-1","taskId":"baton-08c62fd1f846be42ab70d6e0-work","turnEpoch":102,"changedPathsDigest":"4f53cda18c2baa0c0354bb5f9a3ecbe5ed12ab4d8e11ba873c2f11161202b945","requestId":"pause:baton-08c62fd1f846be42ab70d6e0-work:1185"}]]
[m4a 2026-07-24T07:55:21.551Z] steered nudge_turn on pause:baton-08c62fd1f846be42ab70d6e0-work:1185 for grammar-m4a-implementer
[m4a 2026-07-24T07:55:41.564Z] progress 3889s grammar-m4a-implementer=paused[[{"kind":"turn_checkpoint","workerId":"w-1","taskId":"baton-08c62fd1f846be42ab70d6e0-work","turnEpoch":103,"changedPathsDigest":"4f53cda18c2baa0c0354bb5f9a3ecbe5ed12ab4d8e11ba873c2f11161202b945","requestId":"pause:baton-08c62fd1f846be42ab70d6e0-work:1194"}]]
[m4a 2026-07-24T07:55:41.660Z] steered nudge_turn on pause:baton-08c62fd1f846be42ab70d6e0-work:1194 for grammar-m4a-implementer
[m4a 2026-07-24T07:56:01.665Z] progress 3909s grammar-m4a-implementer=paused[[{"kind":"turn_checkpoint","workerId":"w-1","taskId":"baton-08c62fd1f846be42ab70d6e0-work","turnEpoch":104,"changedPathsDigest":"4f53cda18c2baa0c0354bb5f9a3ecbe5ed12ab4d8e11ba873c2f11161202b945","requestId":"pause:baton-08c62fd1f846be42ab70d6e0-work:1202"}]]
[m4a 2026-07-24T07:56:01.741Z] steered nudge_turn on pause:baton-08c62fd1f846be42ab70d6e0-work:1202 for grammar-m4a-implementer
[m4a 2026-07-24T07:56:21.748Z] progress 3929s grammar-m4a-implementer=paused[[{"kind":"turn_checkpoint","workerId":"w-1","taskId":"baton-08c62fd1f846be42ab70d6e0-work","turnEpoch":105,"changedPathsDigest":"4f53cda18c2baa0c0354bb5f9a3ecbe5ed12ab4d8e11ba873c2f11161202b945","requestId":"pause:baton-08c62fd1f846be42ab70d6e0-work:1210"}]]
[m4a 2026-07-24T07:56:21.836Z] steered nudge_turn on pause:baton-08c62fd1f846be42ab70d6e0-work:1210 for grammar-m4a-implementer
[m4a 2026-07-24T07:56:41.852Z] progress 3949s grammar-m4a-implementer=paused[[{"kind":"turn_checkpoint","workerId":"w-1","taskId":"baton-08c62fd1f846be42ab70d6e0-work","turnEpoch":106,"changedPathsDigest":"4f53cda18c2baa0c0354bb5f9a3ecbe5ed12ab4d8e11ba873c2f11161202b945","requestId":"pause:baton-08c62fd1f846be42ab70d6e0-work:1218"}]]
[m4a 2026-07-24T07:56:41.936Z] steered nudge_turn on pause:baton-08c62fd1f846be42ab70d6e0-work:1218 for grammar-m4a-implementer
[m4a 2026-07-24T07:57:01.943Z] progress 3969s grammar-m4a-implementer=paused[[{"kind":"turn_checkpoint","workerId":"w-1","taskId":"baton-08c62fd1f846be42ab70d6e0-work","turnEpoch":107,"changedPathsDigest":"4f53cda18c2baa0c0354bb5f9a3ecbe5ed12ab4d8e11ba873c2f11161202b945","requestId":"pause:baton-08c62fd1f846be42ab70d6e0-work:1226"}]]
[m4a 2026-07-24T07:57:02.017Z] steered nudge_turn on pause:baton-08c62fd1f846be42ab70d6e0-work:1226 for grammar-m4a-implementer
[m4a 2026-07-24T07:57:22.023Z] progress 3989s grammar-m4a-implementer=paused[[{"kind":"turn_checkpoint","workerId":"w-1","taskId":"baton-08c62fd1f846be42ab70d6e0-work","turnEpoch":108,"changedPathsDigest":"4f53cda18c2baa0c0354bb5f9a3ecbe5ed12ab4d8e11ba873c2f11161202b945","requestId":"pause:baton-08c62fd1f846be42ab70d6e0-work:1234"}]]
[m4a 2026-07-24T07:57:22.102Z] steered nudge_turn on pause:baton-08c62fd1f846be42ab70d6e0-work:1234 for grammar-m4a-implementer
[m4a 2026-07-24T07:57:42.109Z] progress 4010s grammar-m4a-implementer=paused[[{"kind":"turn_checkpoint","workerId":"w-1","taskId":"baton-08c62fd1f846be42ab70d6e0-work","turnEpoch":109,"changedPathsDigest":"4f53cda18c2baa0c0354bb5f9a3ecbe5ed12ab4d8e11ba873c2f11161202b945","requestId":"pause:baton-08c62fd1f846be42ab70d6e0-work:1243"}]]
[m4a 2026-07-24T07:57:42.220Z] steered nudge_turn on pause:baton-08c62fd1f846be42ab70d6e0-work:1243 for grammar-m4a-implementer
[m4a 2026-07-24T07:58:02.226Z] progress 4030s grammar-m4a-implementer=paused[[{"kind":"turn_checkpoint","workerId":"w-1","taskId":"baton-08c62fd1f846be42ab70d6e0-work","turnEpoch":110,"changedPathsDigest":"4f53cda18c2baa0c0354bb5f9a3ecbe5ed12ab4d8e11ba873c2f11161202b945","requestId":"pause:baton-08c62fd1f846be42ab70d6e0-work:1251"}]]
[m4a 2026-07-24T07:58:02.325Z] steered nudge_turn on pause:baton-08c62fd1f846be42ab70d6e0-work:1251 for grammar-m4a-implementer
[m4a 2026-07-24T07:58:22.331Z] progress 4050s grammar-m4a-implementer=paused[[{"kind":"turn_checkpoint","workerId":"w-1","taskId":"baton-08c62fd1f846be42ab70d6e0-work","turnEpoch":111,"changedPathsDigest":"4f53cda18c2baa0c0354bb5f9a3ecbe5ed12ab4d8e11ba873c2f11161202b945","requestId":"pause:baton-08c62fd1f846be42ab70d6e0-work:1259"}]]
[m4a 2026-07-24T07:58:22.408Z] steered nudge_turn on pause:baton-08c62fd1f846be42ab70d6e0-work:1259 for grammar-m4a-implementer
[m4a 2026-07-24T07:58:42.419Z] progress 4070s grammar-m4a-implementer=paused[[{"kind":"turn_checkpoint","workerId":"w-1","taskId":"baton-08c62fd1f846be42ab70d6e0-work","turnEpoch":112,"changedPathsDigest":"4f53cda18c2baa0c0354bb5f9a3ecbe5ed12ab4d8e11ba873c2f11161202b945","requestId":"pause:baton-08c62fd1f846be42ab70d6e0-work:1267"}]]
[m4a 2026-07-24T07:58:42.523Z] steered nudge_turn on pause:baton-08c62fd1f846be42ab70d6e0-work:1267 for grammar-m4a-implementer
[m4a 2026-07-24T07:59:02.531Z] progress 4090s grammar-m4a-implementer=paused[[{"kind":"turn_checkpoint","workerId":"w-1","taskId":"baton-08c62fd1f846be42ab70d6e0-work","turnEpoch":113,"changedPathsDigest":"4f53cda18c2baa0c0354bb5f9a3ecbe5ed12ab4d8e11ba873c2f11161202b945","requestId":"pause:baton-08c62fd1f846be42ab70d6e0-work:1275"}]]
[m4a 2026-07-24T07:59:02.655Z] steered nudge_turn on pause:baton-08c62fd1f846be42ab70d6e0-work:1275 for grammar-m4a-implementer
[m4a 2026-07-24T07:59:22.659Z] progress 4110s grammar-m4a-implementer=paused[[{"kind":"turn_checkpoint","workerId":"w-1","taskId":"baton-08c62fd1f846be42ab70d6e0-work","turnEpoch":114,"changedPathsDigest":"4f53cda18c2baa0c0354bb5f9a3ecbe5ed12ab4d8e11ba873c2f11161202b945","requestId":"pause:baton-08c62fd1f846be42ab70d6e0-work:1283"}]]
[m4a 2026-07-24T07:59:22.766Z] steered nudge_turn on pause:baton-08c62fd1f846be42ab70d6e0-work:1283 for grammar-m4a-implementer
[m4a 2026-07-24T07:59:42.771Z] progress 4130s grammar-m4a-implementer=paused[[{"kind":"turn_checkpoint","workerId":"w-1","taskId":"baton-08c62fd1f846be42ab70d6e0-work","turnEpoch":115,"changedPathsDigest":"4f53cda18c2baa0c0354bb5f9a3ecbe5ed12ab4d8e11ba873c2f11161202b945","requestId":"pause:baton-08c62fd1f846be42ab70d6e0-work:1291"}]]
[m4a 2026-07-24T07:59:42.861Z] steered nudge_turn on pause:baton-08c62fd1f846be42ab70d6e0-work:1291 for grammar-m4a-implementer
[m4a 2026-07-24T08:00:02.865Z] progress 4150s grammar-m4a-implementer=paused[[{"kind":"turn_checkpoint","workerId":"w-1","taskId":"baton-08c62fd1f846be42ab70d6e0-work","turnEpoch":116,"changedPathsDigest":"4f53cda18c2baa0c0354bb5f9a3ecbe5ed12ab4d8e11ba873c2f11161202b945","requestId":"pause:baton-08c62fd1f846be42ab70d6e0-work:1299"}]]
[m4a 2026-07-24T08:00:02.956Z] steered nudge_turn on pause:baton-08c62fd1f846be42ab70d6e0-work:1299 for grammar-m4a-implementer
[m4a 2026-07-24T08:00:22.966Z] progress 4170s grammar-m4a-implementer=paused[[{"kind":"turn_checkpoint","workerId":"w-1","taskId":"baton-08c62fd1f846be42ab70d6e0-work","turnEpoch":117,"changedPathsDigest":"4f53cda18c2baa0c0354bb5f9a3ecbe5ed12ab4d8e11ba873c2f11161202b945","requestId":"pause:baton-08c62fd1f846be42ab70d6e0-work:1307"}]]
[m4a 2026-07-24T08:00:23.095Z] steered nudge_turn on pause:baton-08c62fd1f846be42ab70d6e0-work:1307 for grammar-m4a-implementer
[m4a 2026-07-24T08:00:43.108Z] progress 4191s grammar-m4a-implementer=paused[[{"kind":"turn_checkpoint","workerId":"w-1","taskId":"baton-08c62fd1f846be42ab70d6e0-work","turnEpoch":118,"changedPathsDigest":"4f53cda18c2baa0c0354bb5f9a3ecbe5ed12ab4d8e11ba873c2f11161202b945","requestId":"pause:baton-08c62fd1f846be42ab70d6e0-work:1315"}]]
[m4a 2026-07-24T08:00:43.203Z] steered nudge_turn on pause:baton-08c62fd1f846be42ab70d6e0-work:1315 for grammar-m4a-implementer
[m4a 2026-07-24T08:01:03.215Z] progress 4211s grammar-m4a-implementer=paused[[{"kind":"turn_checkpoint","workerId":"w-1","taskId":"baton-08c62fd1f846be42ab70d6e0-work","turnEpoch":119,"changedPathsDigest":"4f53cda18c2baa0c0354bb5f9a3ecbe5ed12ab4d8e11ba873c2f11161202b945","requestId":"pause:baton-08c62fd1f846be42ab70d6e0-work:1323"}]]
[m4a 2026-07-24T08:01:03.317Z] steered nudge_turn on pause:baton-08c62fd1f846be42ab70d6e0-work:1323 for grammar-m4a-implementer
[m4a 2026-07-24T08:01:23.323Z] progress 4231s grammar-m4a-implementer=paused[[{"kind":"turn_checkpoint","workerId":"w-1","taskId":"baton-08c62fd1f846be42ab70d6e0-work","turnEpoch":120,"changedPathsDigest":"4f53cda18c2baa0c0354bb5f9a3ecbe5ed12ab4d8e11ba873c2f11161202b945","requestId":"pause:baton-08c62fd1f846be42ab70d6e0-work:1331"}]]
[m4a 2026-07-24T08:01:23.403Z] steered nudge_turn on pause:baton-08c62fd1f846be42ab70d6e0-work:1331 for grammar-m4a-implementer
[m4a 2026-07-24T08:01:43.407Z] progress 4251s grammar-m4a-implementer=paused[[{"kind":"turn_checkpoint","workerId":"w-1","taskId":"baton-08c62fd1f846be42ab70d6e0-work","turnEpoch":121,"changedPathsDigest":"4f53cda18c2baa0c0354bb5f9a3ecbe5ed12ab4d8e11ba873c2f11161202b945","requestId":"pause:baton-08c62fd1f846be42ab70d6e0-work:1339"}]]
[m4a 2026-07-24T08:01:43.492Z] steered nudge_turn on pause:baton-08c62fd1f846be42ab70d6e0-work:1339 for grammar-m4a-implementer
[m4a 2026-07-24T08:02:03.497Z] progress 4271s grammar-m4a-implementer=paused[[{"kind":"turn_checkpoint","workerId":"w-1","taskId":"baton-08c62fd1f846be42ab70d6e0-work","turnEpoch":122,"changedPathsDigest":"4f53cda18c2baa0c0354bb5f9a3ecbe5ed12ab4d8e11ba873c2f11161202b945","requestId":"pause:baton-08c62fd1f846be42ab70d6e0-work:1347"}]]
[m4a 2026-07-24T08:02:03.575Z] steered nudge_turn on pause:baton-08c62fd1f846be42ab70d6e0-work:1347 for grammar-m4a-implementer
[m4a 2026-07-24T08:02:23.588Z] progress 4291s grammar-m4a-implementer=paused[[{"kind":"turn_checkpoint","workerId":"w-1","taskId":"baton-08c62fd1f846be42ab70d6e0-work","turnEpoch":123,"changedPathsDigest":"4f53cda18c2baa0c0354bb5f9a3ecbe5ed12ab4d8e11ba873c2f11161202b945","requestId":"pause:baton-08c62fd1f846be42ab70d6e0-work:1355"}]]
[m4a 2026-07-24T08:02:23.696Z] steered nudge_turn on pause:baton-08c62fd1f846be42ab70d6e0-work:1355 for grammar-m4a-implementer
[m4a 2026-07-24T08:02:43.701Z] progress 4311s grammar-m4a-implementer=paused[[{"kind":"turn_checkpoint","workerId":"w-1","taskId":"baton-08c62fd1f846be42ab70d6e0-work","turnEpoch":124,"changedPathsDigest":"4f53cda18c2baa0c0354bb5f9a3ecbe5ed12ab4d8e11ba873c2f11161202b945","requestId":"pause:baton-08c62fd1f846be42ab70d6e0-work:1363"}]]
[m4a 2026-07-24T08:02:43.787Z] steered nudge_turn on pause:baton-08c62fd1f846be42ab70d6e0-work:1363 for grammar-m4a-implementer
[m4a 2026-07-24T08:03:03.793Z] progress 4331s grammar-m4a-implementer=paused[[{"kind":"turn_checkpoint","workerId":"w-1","taskId":"baton-08c62fd1f846be42ab70d6e0-work","turnEpoch":125,"changedPathsDigest":"4f53cda18c2baa0c0354bb5f9a3ecbe5ed12ab4d8e11ba873c2f11161202b945","requestId":"pause:baton-08c62fd1f846be42ab70d6e0-work:1371"}]]
[m4a 2026-07-24T08:03:03.872Z] steered nudge_turn on pause:baton-08c62fd1f846be42ab70d6e0-work:1371 for grammar-m4a-implementer
[m4a 2026-07-24T08:03:23.878Z] progress 4351s grammar-m4a-implementer=paused[[{"kind":"turn_checkpoint","workerId":"w-1","taskId":"baton-08c62fd1f846be42ab70d6e0-work","turnEpoch":126,"changedPathsDigest":"4f53cda18c2baa0c0354bb5f9a3ecbe5ed12ab4d8e11ba873c2f11161202b945","requestId":"pause:baton-08c62fd1f846be42ab70d6e0-work:1379"}]]
[m4a 2026-07-24T08:03:23.963Z] steered nudge_turn on pause:baton-08c62fd1f846be42ab70d6e0-work:1379 for grammar-m4a-implementer
[m4a 2026-07-24T08:03:43.968Z] progress 4371s grammar-m4a-implementer=paused[[{"kind":"turn_checkpoint","workerId":"w-1","taskId":"baton-08c62fd1f846be42ab70d6e0-work","turnEpoch":127,"changedPathsDigest":"4f53cda18c2baa0c0354bb5f9a3ecbe5ed12ab4d8e11ba873c2f11161202b945","requestId":"pause:baton-08c62fd1f846be42ab70d6e0-work:1387"}]]
[m4a 2026-07-24T08:03:44.054Z] steered nudge_turn on pause:baton-08c62fd1f846be42ab70d6e0-work:1387 for grammar-m4a-implementer
[m4a 2026-07-24T08:04:04.060Z] progress 4392s grammar-m4a-implementer=paused[[{"kind":"turn_checkpoint","workerId":"w-1","taskId":"baton-08c62fd1f846be42ab70d6e0-work","turnEpoch":128,"changedPathsDigest":"4f53cda18c2baa0c0354bb5f9a3ecbe5ed12ab4d8e11ba873c2f11161202b945","requestId":"pause:baton-08c62fd1f846be42ab70d6e0-work:1395"}]]
[m4a 2026-07-24T08:04:04.141Z] steered nudge_turn on pause:baton-08c62fd1f846be42ab70d6e0-work:1395 for grammar-m4a-implementer
[m4a 2026-07-24T08:04:24.146Z] progress 4412s grammar-m4a-implementer=paused[[{"kind":"turn_checkpoint","workerId":"w-1","taskId":"baton-08c62fd1f846be42ab70d6e0-work","turnEpoch":129,"changedPathsDigest":"4f53cda18c2baa0c0354bb5f9a3ecbe5ed12ab4d8e11ba873c2f11161202b945","requestId":"pause:baton-08c62fd1f846be42ab70d6e0-work:1403"}]]
[m4a 2026-07-24T08:04:24.259Z] steered nudge_turn on pause:baton-08c62fd1f846be42ab70d6e0-work:1403 for grammar-m4a-implementer
[m4a 2026-07-24T08:04:44.264Z] progress 4432s grammar-m4a-implementer=paused[[{"kind":"turn_checkpoint","workerId":"w-1","taskId":"baton-08c62fd1f846be42ab70d6e0-work","turnEpoch":130,"changedPathsDigest":"4f53cda18c2baa0c0354bb5f9a3ecbe5ed12ab4d8e11ba873c2f11161202b945","requestId":"pause:baton-08c62fd1f846be42ab70d6e0-work:1411"}]]
[m4a 2026-07-24T08:04:44.345Z] steered nudge_turn on pause:baton-08c62fd1f846be42ab70d6e0-work:1411 for grammar-m4a-implementer
[m4a 2026-07-24T08:05:04.350Z] progress 4452s grammar-m4a-implementer=paused[[{"kind":"turn_checkpoint","workerId":"w-1","taskId":"baton-08c62fd1f846be42ab70d6e0-work","turnEpoch":131,"changedPathsDigest":"4f53cda18c2baa0c0354bb5f9a3ecbe5ed12ab4d8e11ba873c2f11161202b945","requestId":"pause:baton-08c62fd1f846be42ab70d6e0-work:1419"}]]
[m4a 2026-07-24T08:05:04.431Z] steered nudge_turn on pause:baton-08c62fd1f846be42ab70d6e0-work:1419 for grammar-m4a-implementer
[m4a 2026-07-24T08:05:24.439Z] progress 4472s grammar-m4a-implementer=paused[[{"kind":"turn_checkpoint","workerId":"w-1","taskId":"baton-08c62fd1f846be42ab70d6e0-work","turnEpoch":132,"changedPathsDigest":"4f53cda18c2baa0c0354bb5f9a3ecbe5ed12ab4d8e11ba873c2f11161202b945","requestId":"pause:baton-08c62fd1f846be42ab70d6e0-work:1427"}]]
[m4a 2026-07-24T08:05:24.532Z] steered nudge_turn on pause:baton-08c62fd1f846be42ab70d6e0-work:1427 for grammar-m4a-implementer
[m4a 2026-07-24T08:05:44.537Z] progress 4492s grammar-m4a-implementer=paused[[{"kind":"turn_checkpoint","workerId":"w-1","taskId":"baton-08c62fd1f846be42ab70d6e0-work","turnEpoch":133,"changedPathsDigest":"4f53cda18c2baa0c0354bb5f9a3ecbe5ed12ab4d8e11ba873c2f11161202b945","requestId":"pause:baton-08c62fd1f846be42ab70d6e0-work:1435"}]]
[m4a 2026-07-24T08:05:44.623Z] steered nudge_turn on pause:baton-08c62fd1f846be42ab70d6e0-work:1435 for grammar-m4a-implementer
[m4a 2026-07-24T08:06:04.627Z] progress 4512s grammar-m4a-implementer=paused[[{"kind":"turn_checkpoint","workerId":"w-1","taskId":"baton-08c62fd1f846be42ab70d6e0-work","turnEpoch":134,"changedPathsDigest":"4f53cda18c2baa0c0354bb5f9a3ecbe5ed12ab4d8e11ba873c2f11161202b945","requestId":"pause:baton-08c62fd1f846be42ab70d6e0-work:1443"}]]
[m4a 2026-07-24T08:06:04.710Z] steered nudge_turn on pause:baton-08c62fd1f846be42ab70d6e0-work:1443 for grammar-m4a-implementer
[m4a 2026-07-24T08:06:24.715Z] progress 4532s grammar-m4a-implementer=paused[[{"kind":"turn_checkpoint","workerId":"w-1","taskId":"baton-08c62fd1f846be42ab70d6e0-work","turnEpoch":135,"changedPathsDigest":"4f53cda18c2baa0c0354bb5f9a3ecbe5ed12ab4d8e11ba873c2f11161202b945","requestId":"pause:baton-08c62fd1f846be42ab70d6e0-work:1451"}]]
[m4a 2026-07-24T08:06:24.803Z] steered nudge_turn on pause:baton-08c62fd1f846be42ab70d6e0-work:1451 for grammar-m4a-implementer
[m4a 2026-07-24T08:06:44.811Z] progress 4552s grammar-m4a-implementer=paused[[{"kind":"turn_checkpoint","workerId":"w-1","taskId":"baton-08c62fd1f846be42ab70d6e0-work","turnEpoch":136,"changedPathsDigest":"4f53cda18c2baa0c0354bb5f9a3ecbe5ed12ab4d8e11ba873c2f11161202b945","requestId":"pause:baton-08c62fd1f846be42ab70d6e0-work:1459"}]]
[m4a 2026-07-24T08:06:44.903Z] steered nudge_turn on pause:baton-08c62fd1f846be42ab70d6e0-work:1459 for grammar-m4a-implementer
[m4a 2026-07-24T08:07:04.908Z] progress 4572s grammar-m4a-implementer=paused[[{"kind":"turn_checkpoint","workerId":"w-1","taskId":"baton-08c62fd1f846be42ab70d6e0-work","turnEpoch":137,"changedPathsDigest":"4f53cda18c2baa0c0354bb5f9a3ecbe5ed12ab4d8e11ba873c2f11161202b945","requestId":"pause:baton-08c62fd1f846be42ab70d6e0-work:1467"}]]
[m4a 2026-07-24T08:07:05.002Z] steered nudge_turn on pause:baton-08c62fd1f846be42ab70d6e0-work:1467 for grammar-m4a-implementer
[m4a 2026-07-24T08:07:25.014Z] progress 4592s grammar-m4a-implementer=paused[[{"kind":"turn_checkpoint","workerId":"w-1","taskId":"baton-08c62fd1f846be42ab70d6e0-work","turnEpoch":138,"changedPathsDigest":"4f53cda18c2baa0c0354bb5f9a3ecbe5ed12ab4d8e11ba873c2f11161202b945","requestId":"pause:baton-08c62fd1f846be42ab70d6e0-work:1475"}]]
[m4a 2026-07-24T08:07:25.117Z] steered nudge_turn on pause:baton-08c62fd1f846be42ab70d6e0-work:1475 for grammar-m4a-implementer
[m4a 2026-07-24T08:07:45.132Z] progress 4613s grammar-m4a-implementer=paused[[{"kind":"turn_checkpoint","workerId":"w-1","taskId":"baton-08c62fd1f846be42ab70d6e0-work","turnEpoch":139,"changedPathsDigest":"4f53cda18c2baa0c0354bb5f9a3ecbe5ed12ab4d8e11ba873c2f11161202b945","requestId":"pause:baton-08c62fd1f846be42ab70d6e0-work:1483"}]]
[m4a 2026-07-24T08:07:45.238Z] steered nudge_turn on pause:baton-08c62fd1f846be42ab70d6e0-work:1483 for grammar-m4a-implementer
[m4a 2026-07-24T08:08:05.245Z] progress 4633s grammar-m4a-implementer=paused[[{"kind":"turn_checkpoint","workerId":"w-1","taskId":"baton-08c62fd1f846be42ab70d6e0-work","turnEpoch":140,"changedPathsDigest":"4f53cda18c2baa0c0354bb5f9a3ecbe5ed12ab4d8e11ba873c2f11161202b945","requestId":"pause:baton-08c62fd1f846be42ab70d6e0-work:1491"}]]
[m4a 2026-07-24T08:08:05.336Z] steered nudge_turn on pause:baton-08c62fd1f846be42ab70d6e0-work:1491 for grammar-m4a-implementer
[m4a 2026-07-24T08:08:25.346Z] progress 4653s grammar-m4a-implementer=paused[[{"kind":"turn_checkpoint","workerId":"w-1","taskId":"baton-08c62fd1f846be42ab70d6e0-work","turnEpoch":141,"changedPathsDigest":"4f53cda18c2baa0c0354bb5f9a3ecbe5ed12ab4d8e11ba873c2f11161202b945","requestId":"pause:baton-08c62fd1f846be42ab70d6e0-work:1499"}]]
[m4a 2026-07-24T08:08:25.447Z] steered nudge_turn on pause:baton-08c62fd1f846be42ab70d6e0-work:1499 for grammar-m4a-implementer
[m4a 2026-07-24T08:08:45.452Z] progress 4673s grammar-m4a-implementer=paused[[{"kind":"turn_checkpoint","workerId":"w-1","taskId":"baton-08c62fd1f846be42ab70d6e0-work","turnEpoch":142,"changedPathsDigest":"4f53cda18c2baa0c0354bb5f9a3ecbe5ed12ab4d8e11ba873c2f11161202b945","requestId":"pause:baton-08c62fd1f846be42ab70d6e0-work:1507"}]]
[m4a 2026-07-24T08:08:45.538Z] steered nudge_turn on pause:baton-08c62fd1f846be42ab70d6e0-work:1507 for grammar-m4a-implementer
[m4a 2026-07-24T08:09:05.544Z] progress 4693s grammar-m4a-implementer=paused[[{"kind":"turn_checkpoint","workerId":"w-1","taskId":"baton-08c62fd1f846be42ab70d6e0-work","turnEpoch":143,"changedPathsDigest":"4f53cda18c2baa0c0354bb5f9a3ecbe5ed12ab4d8e11ba873c2f11161202b945","requestId":"pause:baton-08c62fd1f846be42ab70d6e0-work:1515"}]]
[m4a 2026-07-24T08:09:05.625Z] steered nudge_turn on pause:baton-08c62fd1f846be42ab70d6e0-work:1515 for grammar-m4a-implementer
[m4a 2026-07-24T08:09:25.634Z] progress 4713s grammar-m4a-implementer=paused[[{"kind":"turn_checkpoint","workerId":"w-1","taskId":"baton-08c62fd1f846be42ab70d6e0-work","turnEpoch":144,"changedPathsDigest":"4f53cda18c2baa0c0354bb5f9a3ecbe5ed12ab4d8e11ba873c2f11161202b945","requestId":"pause:baton-08c62fd1f846be42ab70d6e0-work:1523"}]]
[m4a 2026-07-24T08:09:25.731Z] steered nudge_turn on pause:baton-08c62fd1f846be42ab70d6e0-work:1523 for grammar-m4a-implementer
[m4a 2026-07-24T08:09:45.744Z] progress 4733s grammar-m4a-implementer=paused[[{"kind":"turn_checkpoint","workerId":"w-1","taskId":"baton-08c62fd1f846be42ab70d6e0-work","turnEpoch":145,"changedPathsDigest":"4f53cda18c2baa0c0354bb5f9a3ecbe5ed12ab4d8e11ba873c2f11161202b945","requestId":"pause:baton-08c62fd1f846be42ab70d6e0-work:1531"}]]
[m4a 2026-07-24T08:09:45.852Z] steered nudge_turn on pause:baton-08c62fd1f846be42ab70d6e0-work:1531 for grammar-m4a-implementer
[m4a 2026-07-24T08:10:05.867Z] progress 4753s grammar-m4a-implementer=paused[[{"kind":"turn_checkpoint","workerId":"w-1","taskId":"baton-08c62fd1f846be42ab70d6e0-work","turnEpoch":146,"changedPathsDigest":"4f53cda18c2baa0c0354bb5f9a3ecbe5ed12ab4d8e11ba873c2f11161202b945","requestId":"pause:baton-08c62fd1f846be42ab70d6e0-work:1539"}]]
[m4a 2026-07-24T08:10:05.959Z] steered nudge_turn on pause:baton-08c62fd1f846be42ab70d6e0-work:1539 for grammar-m4a-implementer
[m4a 2026-07-24T08:10:25.967Z] progress 4773s grammar-m4a-implementer=paused[[{"kind":"turn_checkpoint","workerId":"w-1","taskId":"baton-08c62fd1f846be42ab70d6e0-work","turnEpoch":147,"changedPathsDigest":"4f53cda18c2baa0c0354bb5f9a3ecbe5ed12ab4d8e11ba873c2f11161202b945","requestId":"pause:baton-08c62fd1f846be42ab70d6e0-work:1547"}]]
[m4a 2026-07-24T08:10:26.077Z] steered nudge_turn on pause:baton-08c62fd1f846be42ab70d6e0-work:1547 for grammar-m4a-implementer
[m4a 2026-07-24T08:10:46.081Z] progress 4794s grammar-m4a-implementer=paused[[{"kind":"turn_checkpoint","workerId":"w-1","taskId":"baton-08c62fd1f846be42ab70d6e0-work","turnEpoch":148,"changedPathsDigest":"4f53cda18c2baa0c0354bb5f9a3ecbe5ed12ab4d8e11ba873c2f11161202b945","requestId":"pause:baton-08c62fd1f846be42ab70d6e0-work:1555"}]]
[m4a 2026-07-24T08:10:46.173Z] steered nudge_turn on pause:baton-08c62fd1f846be42ab70d6e0-work:1555 for grammar-m4a-implementer
[m4a 2026-07-24T08:11:06.189Z] progress 4814s grammar-m4a-implementer=paused[[{"kind":"turn_checkpoint","workerId":"w-1","taskId":"baton-08c62fd1f846be42ab70d6e0-work","turnEpoch":149,"changedPathsDigest":"4f53cda18c2baa0c0354bb5f9a3ecbe5ed12ab4d8e11ba873c2f11161202b945","requestId":"pause:baton-08c62fd1f846be42ab70d6e0-work:1563"}]]
[m4a 2026-07-24T08:11:06.301Z] steered nudge_turn on pause:baton-08c62fd1f846be42ab70d6e0-work:1563 for grammar-m4a-implementer
[m4a 2026-07-24T08:11:26.308Z] progress 4834s grammar-m4a-implementer=paused[[{"kind":"turn_checkpoint","workerId":"w-1","taskId":"baton-08c62fd1f846be42ab70d6e0-work","turnEpoch":150,"changedPathsDigest":"4f53cda18c2baa0c0354bb5f9a3ecbe5ed12ab4d8e11ba873c2f11161202b945","requestId":"pause:baton-08c62fd1f846be42ab70d6e0-work:1571"}]]
[m4a 2026-07-24T08:11:26.404Z] steered nudge_turn on pause:baton-08c62fd1f846be42ab70d6e0-work:1571 for grammar-m4a-implementer
[m4a 2026-07-24T08:11:46.418Z] progress 4854s grammar-m4a-implementer=paused[[{"kind":"turn_checkpoint","workerId":"w-1","taskId":"baton-08c62fd1f846be42ab70d6e0-work","turnEpoch":151,"changedPathsDigest":"4f53cda18c2baa0c0354bb5f9a3ecbe5ed12ab4d8e11ba873c2f11161202b945","requestId":"pause:baton-08c62fd1f846be42ab70d6e0-work:1579"}]]
[m4a 2026-07-24T08:11:46.526Z] steered nudge_turn on pause:baton-08c62fd1f846be42ab70d6e0-work:1579 for grammar-m4a-implementer
[m4a 2026-07-24T08:12:06.539Z] progress 4874s grammar-m4a-implementer=paused[[{"kind":"turn_checkpoint","workerId":"w-1","taskId":"baton-08c62fd1f846be42ab70d6e0-work","turnEpoch":152,"changedPathsDigest":"4f53cda18c2baa0c0354bb5f9a3ecbe5ed12ab4d8e11ba873c2f11161202b945","requestId":"pause:baton-08c62fd1f846be42ab70d6e0-work:1587"}]]
[m4a 2026-07-24T08:12:06.662Z] steered nudge_turn on pause:baton-08c62fd1f846be42ab70d6e0-work:1587 for grammar-m4a-implementer
[m4a 2026-07-24T08:12:26.672Z] progress 4894s grammar-m4a-implementer=paused[[{"kind":"turn_checkpoint","workerId":"w-1","taskId":"baton-08c62fd1f846be42ab70d6e0-work","turnEpoch":153,"changedPathsDigest":"4f53cda18c2baa0c0354bb5f9a3ecbe5ed12ab4d8e11ba873c2f11161202b945","requestId":"pause:baton-08c62fd1f846be42ab70d6e0-work:1595"}]]
[m4a 2026-07-24T08:12:26.774Z] steered nudge_turn on pause:baton-08c62fd1f846be42ab70d6e0-work:1595 for grammar-m4a-implementer
[m4a 2026-07-24T08:12:46.788Z] progress 4914s grammar-m4a-implementer=paused[[{"kind":"turn_checkpoint","workerId":"w-1","taskId":"baton-08c62fd1f846be42ab70d6e0-work","turnEpoch":154,"changedPathsDigest":"4f53cda18c2baa0c0354bb5f9a3ecbe5ed12ab4d8e11ba873c2f11161202b945","requestId":"pause:baton-08c62fd1f846be42ab70d6e0-work:1603"}]]
[m4a 2026-07-24T08:12:46.902Z] steered nudge_turn on pause:baton-08c62fd1f846be42ab70d6e0-work:1603 for grammar-m4a-implementer
[m4a 2026-07-24T08:13:06.914Z] progress 4934s grammar-m4a-implementer=paused[[{"kind":"turn_checkpoint","workerId":"w-1","taskId":"baton-08c62fd1f846be42ab70d6e0-work","turnEpoch":155,"changedPathsDigest":"4f53cda18c2baa0c0354bb5f9a3ecbe5ed12ab4d8e11ba873c2f11161202b945","requestId":"pause:baton-08c62fd1f846be42ab70d6e0-work:1611"}]]
[m4a 2026-07-24T08:13:07.032Z] steered nudge_turn on pause:baton-08c62fd1f846be42ab70d6e0-work:1611 for grammar-m4a-implementer
[m4a 2026-07-24T08:13:27.040Z] progress 4955s grammar-m4a-implementer=paused[[{"kind":"turn_checkpoint","workerId":"w-1","taskId":"baton-08c62fd1f846be42ab70d6e0-work","turnEpoch":156,"changedPathsDigest":"4f53cda18c2baa0c0354bb5f9a3ecbe5ed12ab4d8e11ba873c2f11161202b945","requestId":"pause:baton-08c62fd1f846be42ab70d6e0-work:1619"}]]
[m4a 2026-07-24T08:13:27.132Z] steered nudge_turn on pause:baton-08c62fd1f846be42ab70d6e0-work:1619 for grammar-m4a-implementer
[m4a 2026-07-24T08:13:47.147Z] progress 4975s grammar-m4a-implementer=paused[[{"kind":"turn_checkpoint","workerId":"w-1","taskId":"baton-08c62fd1f846be42ab70d6e0-work","turnEpoch":157,"changedPathsDigest":"4f53cda18c2baa0c0354bb5f9a3ecbe5ed12ab4d8e11ba873c2f11161202b945","requestId":"pause:baton-08c62fd1f846be42ab70d6e0-work:1627"}]]
[m4a 2026-07-24T08:13:47.258Z] steered nudge_turn on pause:baton-08c62fd1f846be42ab70d6e0-work:1627 for grammar-m4a-implementer
[m4a 2026-07-24T08:14:07.274Z] progress 4995s grammar-m4a-implementer=paused[[{"kind":"turn_checkpoint","workerId":"w-1","taskId":"baton-08c62fd1f846be42ab70d6e0-work","turnEpoch":158,"changedPathsDigest":"4f53cda18c2baa0c0354bb5f9a3ecbe5ed12ab4d8e11ba873c2f11161202b945","requestId":"pause:baton-08c62fd1f846be42ab70d6e0-work:1635"}]]
[m4a 2026-07-24T08:14:07.383Z] steered nudge_turn on pause:baton-08c62fd1f846be42ab70d6e0-work:1635 for grammar-m4a-implementer
[m4a 2026-07-24T08:14:27.397Z] progress 5015s grammar-m4a-implementer=paused[[{"kind":"turn_checkpoint","workerId":"w-1","taskId":"baton-08c62fd1f846be42ab70d6e0-work","turnEpoch":159,"changedPathsDigest":"4f53cda18c2baa0c0354bb5f9a3ecbe5ed12ab4d8e11ba873c2f11161202b945","requestId":"pause:baton-08c62fd1f846be42ab70d6e0-work:1643"}]]
[m4a 2026-07-24T08:14:27.509Z] steered nudge_turn on pause:baton-08c62fd1f846be42ab70d6e0-work:1643 for grammar-m4a-implementer
[m4a 2026-07-24T08:14:47.517Z] progress 5035s grammar-m4a-implementer=paused[[{"kind":"turn_checkpoint","workerId":"w-1","taskId":"baton-08c62fd1f846be42ab70d6e0-work","turnEpoch":160,"changedPathsDigest":"4f53cda18c2baa0c0354bb5f9a3ecbe5ed12ab4d8e11ba873c2f11161202b945","requestId":"pause:baton-08c62fd1f846be42ab70d6e0-work:1651"}]]
[m4a 2026-07-24T08:14:47.612Z] steered nudge_turn on pause:baton-08c62fd1f846be42ab70d6e0-work:1651 for grammar-m4a-implementer
[m4a 2026-07-24T08:15:07.628Z] progress 5055s grammar-m4a-implementer=paused[[{"kind":"turn_checkpoint","workerId":"w-1","taskId":"baton-08c62fd1f846be42ab70d6e0-work","turnEpoch":161,"changedPathsDigest":"4f53cda18c2baa0c0354bb5f9a3ecbe5ed12ab4d8e11ba873c2f11161202b945","requestId":"pause:baton-08c62fd1f846be42ab70d6e0-work:1659"}]]
[m4a 2026-07-24T08:15:07.741Z] steered nudge_turn on pause:baton-08c62fd1f846be42ab70d6e0-work:1659 for grammar-m4a-implementer
[m4a 2026-07-24T08:15:27.750Z] progress 5075s grammar-m4a-implementer=paused[[{"kind":"turn_checkpoint","workerId":"w-1","taskId":"baton-08c62fd1f846be42ab70d6e0-work","turnEpoch":162,"changedPathsDigest":"4f53cda18c2baa0c0354bb5f9a3ecbe5ed12ab4d8e11ba873c2f11161202b945","requestId":"pause:baton-08c62fd1f846be42ab70d6e0-work:1667"}]]
[m4a 2026-07-24T08:15:27.853Z] steered nudge_turn on pause:baton-08c62fd1f846be42ab70d6e0-work:1667 for grammar-m4a-implementer
[m4a 2026-07-24T08:15:47.863Z] progress 5095s grammar-m4a-implementer=paused[[{"kind":"turn_checkpoint","workerId":"w-1","taskId":"baton-08c62fd1f846be42ab70d6e0-work","turnEpoch":163,"changedPathsDigest":"4f53cda18c2baa0c0354bb5f9a3ecbe5ed12ab4d8e11ba873c2f11161202b945","requestId":"pause:baton-08c62fd1f846be42ab70d6e0-work:1675"}]]
[m4a 2026-07-24T08:15:47.967Z] steered nudge_turn on pause:baton-08c62fd1f846be42ab70d6e0-work:1675 for grammar-m4a-implementer
[m4a 2026-07-24T08:16:07.978Z] progress 5115s grammar-m4a-implementer=paused[[{"kind":"turn_checkpoint","workerId":"w-1","taskId":"baton-08c62fd1f846be42ab70d6e0-work","turnEpoch":164,"changedPathsDigest":"4f53cda18c2baa0c0354bb5f9a3ecbe5ed12ab4d8e11ba873c2f11161202b945","requestId":"pause:baton-08c62fd1f846be42ab70d6e0-work:1683"}]]
[m4a 2026-07-24T08:16:08.085Z] steered nudge_turn on pause:baton-08c62fd1f846be42ab70d6e0-work:1683 for grammar-m4a-implementer
[m4a 2026-07-24T08:16:28.106Z] progress 5136s grammar-m4a-implementer=paused[[{"kind":"turn_checkpoint","workerId":"w-1","taskId":"baton-08c62fd1f846be42ab70d6e0-work","turnEpoch":165,"changedPathsDigest":"4f53cda18c2baa0c0354bb5f9a3ecbe5ed12ab4d8e11ba873c2f11161202b945","requestId":"pause:baton-08c62fd1f846be42ab70d6e0-work:1691"}]]
[m4a 2026-07-24T08:16:28.218Z] steered nudge_turn on pause:baton-08c62fd1f846be42ab70d6e0-work:1691 for grammar-m4a-implementer
[m4a 2026-07-24T08:16:48.224Z] progress 5156s grammar-m4a-implementer=paused[[{"kind":"turn_checkpoint","workerId":"w-1","taskId":"baton-08c62fd1f846be42ab70d6e0-work","turnEpoch":166,"changedPathsDigest":"4f53cda18c2baa0c0354bb5f9a3ecbe5ed12ab4d8e11ba873c2f11161202b945","requestId":"pause:baton-08c62fd1f846be42ab70d6e0-work:1699"}]]
[m4a 2026-07-24T08:16:48.315Z] steered nudge_turn on pause:baton-08c62fd1f846be42ab70d6e0-work:1699 for grammar-m4a-implementer
[m4a 2026-07-24T08:17:08.320Z] progress 5176s grammar-m4a-implementer=paused[[{"kind":"turn_checkpoint","workerId":"w-1","taskId":"baton-08c62fd1f846be42ab70d6e0-work","turnEpoch":167,"changedPathsDigest":"4f53cda18c2baa0c0354bb5f9a3ecbe5ed12ab4d8e11ba873c2f11161202b945","requestId":"pause:baton-08c62fd1f846be42ab70d6e0-work:1707"}]]
[m4a 2026-07-24T08:17:08.415Z] steered nudge_turn on pause:baton-08c62fd1f846be42ab70d6e0-work:1707 for grammar-m4a-implementer
[m4a 2026-07-24T08:17:28.421Z] progress 5196s grammar-m4a-implementer=paused[[{"kind":"turn_checkpoint","workerId":"w-1","taskId":"baton-08c62fd1f846be42ab70d6e0-work","turnEpoch":168,"changedPathsDigest":"4f53cda18c2baa0c0354bb5f9a3ecbe5ed12ab4d8e11ba873c2f11161202b945","requestId":"pause:baton-08c62fd1f846be42ab70d6e0-work:1715"}]]
[m4a 2026-07-24T08:17:28.525Z] steered nudge_turn on pause:baton-08c62fd1f846be42ab70d6e0-work:1715 for grammar-m4a-implementer
[m4a 2026-07-24T08:17:48.540Z] progress 5216s grammar-m4a-implementer=paused[[{"kind":"turn_checkpoint","workerId":"w-1","taskId":"baton-08c62fd1f846be42ab70d6e0-work","turnEpoch":169,"changedPathsDigest":"4f53cda18c2baa0c0354bb5f9a3ecbe5ed12ab4d8e11ba873c2f11161202b945","requestId":"pause:baton-08c62fd1f846be42ab70d6e0-work:1723"}]]
[m4a 2026-07-24T08:17:48.659Z] steered nudge_turn on pause:baton-08c62fd1f846be42ab70d6e0-work:1723 for grammar-m4a-implementer
[m4a 2026-07-24T08:18:08.665Z] progress 5236s grammar-m4a-implementer=paused[[{"kind":"turn_checkpoint","workerId":"w-1","taskId":"baton-08c62fd1f846be42ab70d6e0-work","turnEpoch":170,"changedPathsDigest":"4f53cda18c2baa0c0354bb5f9a3ecbe5ed12ab4d8e11ba873c2f11161202b945","requestId":"pause:baton-08c62fd1f846be42ab70d6e0-work:1731"}]]
[m4a 2026-07-24T08:18:08.763Z] steered nudge_turn on pause:baton-08c62fd1f846be42ab70d6e0-work:1731 for grammar-m4a-implementer
[m4a 2026-07-24T08:18:28.771Z] progress 5256s grammar-m4a-implementer=paused[[{"kind":"turn_checkpoint","workerId":"w-1","taskId":"baton-08c62fd1f846be42ab70d6e0-work","turnEpoch":171,"changedPathsDigest":"4f53cda18c2baa0c0354bb5f9a3ecbe5ed12ab4d8e11ba873c2f11161202b945","requestId":"pause:baton-08c62fd1f846be42ab70d6e0-work:1739"}]]
[m4a 2026-07-24T08:18:28.869Z] steered nudge_turn on pause:baton-08c62fd1f846be42ab70d6e0-work:1739 for grammar-m4a-implementer
[m4a 2026-07-24T08:18:48.875Z] progress 5276s grammar-m4a-implementer=paused[[{"kind":"turn_checkpoint","workerId":"w-1","taskId":"baton-08c62fd1f846be42ab70d6e0-work","turnEpoch":172,"changedPathsDigest":"4f53cda18c2baa0c0354bb5f9a3ecbe5ed12ab4d8e11ba873c2f11161202b945","requestId":"pause:baton-08c62fd1f846be42ab70d6e0-work:1747"}]]
[m4a 2026-07-24T08:18:48.974Z] steered nudge_turn on pause:baton-08c62fd1f846be42ab70d6e0-work:1747 for grammar-m4a-implementer
[m4a 2026-07-24T08:19:08.979Z] progress 5296s grammar-m4a-implementer=paused[[{"kind":"turn_checkpoint","workerId":"w-1","taskId":"baton-08c62fd1f846be42ab70d6e0-work","turnEpoch":173,"changedPathsDigest":"4f53cda18c2baa0c0354bb5f9a3ecbe5ed12ab4d8e11ba873c2f11161202b945","requestId":"pause:baton-08c62fd1f846be42ab70d6e0-work:1755"}]]
[m4a 2026-07-24T08:19:09.081Z] steered nudge_turn on pause:baton-08c62fd1f846be42ab70d6e0-work:1755 for grammar-m4a-implementer
[m4a 2026-07-24T08:19:29.087Z] progress 5317s grammar-m4a-implementer=paused[[{"kind":"turn_checkpoint","workerId":"w-1","taskId":"baton-08c62fd1f846be42ab70d6e0-work","turnEpoch":174,"changedPathsDigest":"4f53cda18c2baa0c0354bb5f9a3ecbe5ed12ab4d8e11ba873c2f11161202b945","requestId":"pause:baton-08c62fd1f846be42ab70d6e0-work:1763"}]]
[m4a 2026-07-24T08:19:29.193Z] steered nudge_turn on pause:baton-08c62fd1f846be42ab70d6e0-work:1763 for grammar-m4a-implementer
[m4a 2026-07-24T08:19:49.198Z] progress 5337s grammar-m4a-implementer=paused[[{"kind":"turn_checkpoint","workerId":"w-1","taskId":"baton-08c62fd1f846be42ab70d6e0-work","turnEpoch":175,"changedPathsDigest":"4f53cda18c2baa0c0354bb5f9a3ecbe5ed12ab4d8e11ba873c2f11161202b945","requestId":"pause:baton-08c62fd1f846be42ab70d6e0-work:1771"}]]
[m4a 2026-07-24T08:19:49.303Z] steered nudge_turn on pause:baton-08c62fd1f846be42ab70d6e0-work:1771 for grammar-m4a-implementer
[m4a 2026-07-24T08:20:09.308Z] progress 5357s grammar-m4a-implementer=paused[[{"kind":"turn_checkpoint","workerId":"w-1","taskId":"baton-08c62fd1f846be42ab70d6e0-work","turnEpoch":176,"changedPathsDigest":"4f53cda18c2baa0c0354bb5f9a3ecbe5ed12ab4d8e11ba873c2f11161202b945","requestId":"pause:baton-08c62fd1f846be42ab70d6e0-work:1779"}]]
[m4a 2026-07-24T08:20:09.411Z] steered nudge_turn on pause:baton-08c62fd1f846be42ab70d6e0-work:1779 for grammar-m4a-implementer
[m4a 2026-07-24T08:20:29.419Z] progress 5377s grammar-m4a-implementer=paused[[{"kind":"turn_checkpoint","workerId":"w-1","taskId":"baton-08c62fd1f846be42ab70d6e0-work","turnEpoch":177,"changedPathsDigest":"4f53cda18c2baa0c0354bb5f9a3ecbe5ed12ab4d8e11ba873c2f11161202b945","requestId":"pause:baton-08c62fd1f846be42ab70d6e0-work:1787"}]]
[m4a 2026-07-24T08:20:29.524Z] steered nudge_turn on pause:baton-08c62fd1f846be42ab70d6e0-work:1787 for grammar-m4a-implementer
[m4a 2026-07-24T08:20:49.529Z] progress 5397s grammar-m4a-implementer=paused[[{"kind":"turn_checkpoint","workerId":"w-1","taskId":"baton-08c62fd1f846be42ab70d6e0-work","turnEpoch":178,"changedPathsDigest":"4f53cda18c2baa0c0354bb5f9a3ecbe5ed12ab4d8e11ba873c2f11161202b945","requestId":"pause:baton-08c62fd1f846be42ab70d6e0-work:1795"}]]
[m4a 2026-07-24T08:20:49.633Z] steered nudge_turn on pause:baton-08c62fd1f846be42ab70d6e0-work:1795 for grammar-m4a-implementer
[m4a 2026-07-24T08:21:09.639Z] progress 5417s grammar-m4a-implementer=paused[[{"kind":"turn_checkpoint","workerId":"w-1","taskId":"baton-08c62fd1f846be42ab70d6e0-work","turnEpoch":179,"changedPathsDigest":"4f53cda18c2baa0c0354bb5f9a3ecbe5ed12ab4d8e11ba873c2f11161202b945","requestId":"pause:baton-08c62fd1f846be42ab70d6e0-work:1803"}]]
[m4a 2026-07-24T08:21:09.738Z] steered nudge_turn on pause:baton-08c62fd1f846be42ab70d6e0-work:1803 for grammar-m4a-implementer
[m4a 2026-07-24T08:21:29.744Z] progress 5437s grammar-m4a-implementer=paused[[{"kind":"turn_checkpoint","workerId":"w-1","taskId":"baton-08c62fd1f846be42ab70d6e0-work","turnEpoch":180,"changedPathsDigest":"4f53cda18c2baa0c0354bb5f9a3ecbe5ed12ab4d8e11ba873c2f11161202b945","requestId":"pause:baton-08c62fd1f846be42ab70d6e0-work:1811"}]]
[m4a 2026-07-24T08:21:29.858Z] steered nudge_turn on pause:baton-08c62fd1f846be42ab70d6e0-work:1811 for grammar-m4a-implementer
[m4a 2026-07-24T08:21:49.862Z] progress 5457s grammar-m4a-implementer=paused[[{"kind":"turn_checkpoint","workerId":"w-1","taskId":"baton-08c62fd1f846be42ab70d6e0-work","turnEpoch":181,"changedPathsDigest":"4f53cda18c2baa0c0354bb5f9a3ecbe5ed12ab4d8e11ba873c2f11161202b945","requestId":"pause:baton-08c62fd1f846be42ab70d6e0-work:1819"}]]
[m4a 2026-07-24T08:21:49.968Z] steered nudge_turn on pause:baton-08c62fd1f846be42ab70d6e0-work:1819 for grammar-m4a-implementer
[m4a 2026-07-24T08:22:09.975Z] progress 5477s grammar-m4a-implementer=paused[[{"kind":"turn_checkpoint","workerId":"w-1","taskId":"baton-08c62fd1f846be42ab70d6e0-work","turnEpoch":182,"changedPathsDigest":"4f53cda18c2baa0c0354bb5f9a3ecbe5ed12ab4d8e11ba873c2f11161202b945","requestId":"pause:baton-08c62fd1f846be42ab70d6e0-work:1827"}]]
[m4a 2026-07-24T08:22:10.077Z] steered nudge_turn on pause:baton-08c62fd1f846be42ab70d6e0-work:1827 for grammar-m4a-implementer
[m4a 2026-07-24T08:22:30.083Z] progress 5498s grammar-m4a-implementer=paused[[{"kind":"turn_checkpoint","workerId":"w-1","taskId":"baton-08c62fd1f846be42ab70d6e0-work","turnEpoch":183,"changedPathsDigest":"4f53cda18c2baa0c0354bb5f9a3ecbe5ed12ab4d8e11ba873c2f11161202b945","requestId":"pause:baton-08c62fd1f846be42ab70d6e0-work:1835"}]]
[m4a 2026-07-24T08:22:30.192Z] steered nudge_turn on pause:baton-08c62fd1f846be42ab70d6e0-work:1835 for grammar-m4a-implementer
[m4a 2026-07-24T08:22:50.199Z] progress 5518s grammar-m4a-implementer=paused[[{"kind":"turn_checkpoint","workerId":"w-1","taskId":"baton-08c62fd1f846be42ab70d6e0-work","turnEpoch":184,"changedPathsDigest":"4f53cda18c2baa0c0354bb5f9a3ecbe5ed12ab4d8e11ba873c2f11161202b945","requestId":"pause:baton-08c62fd1f846be42ab70d6e0-work:1843"}]]
[m4a 2026-07-24T08:22:50.307Z] steered nudge_turn on pause:baton-08c62fd1f846be42ab70d6e0-work:1843 for grammar-m4a-implementer
[m4a 2026-07-24T08:23:10.312Z] progress 5538s grammar-m4a-implementer=paused[[{"kind":"turn_checkpoint","workerId":"w-1","taskId":"baton-08c62fd1f846be42ab70d6e0-work","turnEpoch":185,"changedPathsDigest":"4f53cda18c2baa0c0354bb5f9a3ecbe5ed12ab4d8e11ba873c2f11161202b945","requestId":"pause:baton-08c62fd1f846be42ab70d6e0-work:1851"}]]
[m4a 2026-07-24T08:23:10.420Z] steered nudge_turn on pause:baton-08c62fd1f846be42ab70d6e0-work:1851 for grammar-m4a-implementer
[m4a 2026-07-24T08:23:30.426Z] progress 5558s grammar-m4a-implementer=paused[[{"kind":"turn_checkpoint","workerId":"w-1","taskId":"baton-08c62fd1f846be42ab70d6e0-work","turnEpoch":186,"changedPathsDigest":"4f53cda18c2baa0c0354bb5f9a3ecbe5ed12ab4d8e11ba873c2f11161202b945","requestId":"pause:baton-08c62fd1f846be42ab70d6e0-work:1859"}]]
[m4a 2026-07-24T08:23:30.533Z] steered nudge_turn on pause:baton-08c62fd1f846be42ab70d6e0-work:1859 for grammar-m4a-implementer
[m4a 2026-07-24T08:23:50.539Z] progress 5578s grammar-m4a-implementer=paused[[{"kind":"turn_checkpoint","workerId":"w-1","taskId":"baton-08c62fd1f846be42ab70d6e0-work","turnEpoch":187,"changedPathsDigest":"4f53cda18c2baa0c0354bb5f9a3ecbe5ed12ab4d8e11ba873c2f11161202b945","requestId":"pause:baton-08c62fd1f846be42ab70d6e0-work:1867"}]]
[m4a 2026-07-24T08:23:50.651Z] steered nudge_turn on pause:baton-08c62fd1f846be42ab70d6e0-work:1867 for grammar-m4a-implementer
[m4a 2026-07-24T08:24:10.657Z] progress 5598s grammar-m4a-implementer=paused[[{"kind":"turn_checkpoint","workerId":"w-1","taskId":"baton-08c62fd1f846be42ab70d6e0-work","turnEpoch":188,"changedPathsDigest":"4f53cda18c2baa0c0354bb5f9a3ecbe5ed12ab4d8e11ba873c2f11161202b945","requestId":"pause:baton-08c62fd1f846be42ab70d6e0-work:1875"}]]
[m4a 2026-07-24T08:24:10.765Z] steered nudge_turn on pause:baton-08c62fd1f846be42ab70d6e0-work:1875 for grammar-m4a-implementer
[m4a 2026-07-24T08:24:30.787Z] progress 5618s grammar-m4a-implementer=paused[[{"kind":"turn_checkpoint","workerId":"w-1","taskId":"baton-08c62fd1f846be42ab70d6e0-work","turnEpoch":189,"changedPathsDigest":"4f53cda18c2baa0c0354bb5f9a3ecbe5ed12ab4d8e11ba873c2f11161202b945","requestId":"pause:baton-08c62fd1f846be42ab70d6e0-work:1883"}]]
[m4a 2026-07-24T08:24:30.910Z] steered nudge_turn on pause:baton-08c62fd1f846be42ab70d6e0-work:1883 for grammar-m4a-implementer
[m4a 2026-07-24T08:24:50.917Z] progress 5638s grammar-m4a-implementer=paused[[{"kind":"turn_checkpoint","workerId":"w-1","taskId":"baton-08c62fd1f846be42ab70d6e0-work","turnEpoch":190,"changedPathsDigest":"4f53cda18c2baa0c0354bb5f9a3ecbe5ed12ab4d8e11ba873c2f11161202b945","requestId":"pause:baton-08c62fd1f846be42ab70d6e0-work:1891"}]]
[m4a 2026-07-24T08:24:51.022Z] steered nudge_turn on pause:baton-08c62fd1f846be42ab70d6e0-work:1891 for grammar-m4a-implementer
[m4a 2026-07-24T08:25:11.035Z] progress 5658s grammar-m4a-implementer=paused[[{"kind":"turn_checkpoint","workerId":"w-1","taskId":"baton-08c62fd1f846be42ab70d6e0-work","turnEpoch":191,"changedPathsDigest":"4f53cda18c2baa0c0354bb5f9a3ecbe5ed12ab4d8e11ba873c2f11161202b945","requestId":"pause:baton-08c62fd1f846be42ab70d6e0-work:1899"}]]
[m4a 2026-07-24T08:25:11.151Z] steered nudge_turn on pause:baton-08c62fd1f846be42ab70d6e0-work:1899 for grammar-m4a-implementer
[m4a 2026-07-24T08:25:31.170Z] progress 5679s grammar-m4a-implementer=paused[[{"kind":"turn_checkpoint","workerId":"w-1","taskId":"baton-08c62fd1f846be42ab70d6e0-work","turnEpoch":192,"changedPathsDigest":"4f53cda18c2baa0c0354bb5f9a3ecbe5ed12ab4d8e11ba873c2f11161202b945","requestId":"pause:baton-08c62fd1f846be42ab70d6e0-work:1907"}]]
[m4a 2026-07-24T08:25:31.295Z] steered nudge_turn on pause:baton-08c62fd1f846be42ab70d6e0-work:1907 for grammar-m4a-implementer
[m4a 2026-07-24T08:25:51.279Z] progress 5699s grammar-m4a-implementer=paused[[{"kind":"turn_checkpoint","workerId":"w-1","taskId":"baton-08c62fd1f846be42ab70d6e0-work","turnEpoch":193,"changedPathsDigest":"4f53cda18c2baa0c0354bb5f9a3ecbe5ed12ab4d8e11ba873c2f11161202b945","requestId":"pause:baton-08c62fd1f846be42ab70d6e0-work:1915"}]]
[m4a 2026-07-24T08:25:51.387Z] steered nudge_turn on pause:baton-08c62fd1f846be42ab70d6e0-work:1915 for grammar-m4a-implementer
[m4a 2026-07-24T08:26:11.381Z] progress 5719s grammar-m4a-implementer=paused[[{"kind":"turn_checkpoint","workerId":"w-1","taskId":"baton-08c62fd1f846be42ab70d6e0-work","turnEpoch":194,"changedPathsDigest":"4f53cda18c2baa0c0354bb5f9a3ecbe5ed12ab4d8e11ba873c2f11161202b945","requestId":"pause:baton-08c62fd1f846be42ab70d6e0-work:1923"}]]
[m4a 2026-07-24T08:26:11.494Z] steered nudge_turn on pause:baton-08c62fd1f846be42ab70d6e0-work:1923 for grammar-m4a-implementer
[m4a 2026-07-24T08:26:31.502Z] progress 5739s grammar-m4a-implementer=paused[[{"kind":"turn_checkpoint","workerId":"w-1","taskId":"baton-08c62fd1f846be42ab70d6e0-work","turnEpoch":195,"changedPathsDigest":"4f53cda18c2baa0c0354bb5f9a3ecbe5ed12ab4d8e11ba873c2f11161202b945","requestId":"pause:baton-08c62fd1f846be42ab70d6e0-work:1931"}]]
[m4a 2026-07-24T08:26:31.618Z] steered nudge_turn on pause:baton-08c62fd1f846be42ab70d6e0-work:1931 for grammar-m4a-implementer
[m4a 2026-07-24T08:26:51.626Z] progress 5759s grammar-m4a-implementer=paused[[{"kind":"turn_checkpoint","workerId":"w-1","taskId":"baton-08c62fd1f846be42ab70d6e0-work","turnEpoch":196,"changedPathsDigest":"4f53cda18c2baa0c0354bb5f9a3ecbe5ed12ab4d8e11ba873c2f11161202b945","requestId":"pause:baton-08c62fd1f846be42ab70d6e0-work:1939"}]]
[m4a 2026-07-24T08:26:51.739Z] steered nudge_turn on pause:baton-08c62fd1f846be42ab70d6e0-work:1939 for grammar-m4a-implementer
[m4a 2026-07-24T08:27:11.749Z] progress 5779s grammar-m4a-implementer=paused[[{"kind":"turn_checkpoint","workerId":"w-1","taskId":"baton-08c62fd1f846be42ab70d6e0-work","turnEpoch":197,"changedPathsDigest":"4f53cda18c2baa0c0354bb5f9a3ecbe5ed12ab4d8e11ba873c2f11161202b945","requestId":"pause:baton-08c62fd1f846be42ab70d6e0-work:1947"}]]
[m4a 2026-07-24T08:27:11.869Z] steered nudge_turn on pause:baton-08c62fd1f846be42ab70d6e0-work:1947 for grammar-m4a-implementer
[m4a 2026-07-24T08:27:31.880Z] progress 5799s grammar-m4a-implementer=paused[[{"kind":"turn_checkpoint","workerId":"w-1","taskId":"baton-08c62fd1f846be42ab70d6e0-work","turnEpoch":198,"changedPathsDigest":"4f53cda18c2baa0c0354bb5f9a3ecbe5ed12ab4d8e11ba873c2f11161202b945","requestId":"pause:baton-08c62fd1f846be42ab70d6e0-work:1955"}]]
[m4a 2026-07-24T08:27:31.995Z] steered nudge_turn on pause:baton-08c62fd1f846be42ab70d6e0-work:1955 for grammar-m4a-implementer
[m4a 2026-07-24T08:27:52.005Z] progress 5819s grammar-m4a-implementer=paused[[{"kind":"turn_checkpoint","workerId":"w-1","taskId":"baton-08c62fd1f846be42ab70d6e0-work","turnEpoch":199,"changedPathsDigest":"4f53cda18c2baa0c0354bb5f9a3ecbe5ed12ab4d8e11ba873c2f11161202b945","requestId":"pause:baton-08c62fd1f846be42ab70d6e0-work:1963"}]]
[m4a 2026-07-24T08:27:52.124Z] steered nudge_turn on pause:baton-08c62fd1f846be42ab70d6e0-work:1963 for grammar-m4a-implementer
[m4a 2026-07-24T08:28:12.130Z] progress 5840s grammar-m4a-implementer=paused[[{"kind":"turn_checkpoint","workerId":"w-1","taskId":"baton-08c62fd1f846be42ab70d6e0-work","turnEpoch":200,"changedPathsDigest":"4f53cda18c2baa0c0354bb5f9a3ecbe5ed12ab4d8e11ba873c2f11161202b945","requestId":"pause:baton-08c62fd1f846be42ab70d6e0-work:1971"}]]
[m4a 2026-07-24T08:28:12.230Z] steered nudge_turn on pause:baton-08c62fd1f846be42ab70d6e0-work:1971 for grammar-m4a-implementer
[m4a 2026-07-24T08:28:32.242Z] progress 5860s grammar-m4a-implementer=paused[[{"kind":"turn_checkpoint","workerId":"w-1","taskId":"baton-08c62fd1f846be42ab70d6e0-work","turnEpoch":201,"changedPathsDigest":"4f53cda18c2baa0c0354bb5f9a3ecbe5ed12ab4d8e11ba873c2f11161202b945","requestId":"pause:baton-08c62fd1f846be42ab70d6e0-work:1979"}]]
[m4a 2026-07-24T08:28:32.361Z] steered nudge_turn on pause:baton-08c62fd1f846be42ab70d6e0-work:1979 for grammar-m4a-implementer
[m4a 2026-07-24T08:28:52.376Z] progress 5880s grammar-m4a-implementer=paused[[{"kind":"turn_checkpoint","workerId":"w-1","taskId":"baton-08c62fd1f846be42ab70d6e0-work","turnEpoch":202,"changedPathsDigest":"4f53cda18c2baa0c0354bb5f9a3ecbe5ed12ab4d8e11ba873c2f11161202b945","requestId":"pause:baton-08c62fd1f846be42ab70d6e0-work:1987"}]]
[m4a 2026-07-24T08:28:52.500Z] steered nudge_turn on pause:baton-08c62fd1f846be42ab70d6e0-work:1987 for grammar-m4a-implementer
[m4a 2026-07-24T08:29:12.508Z] progress 5900s grammar-m4a-implementer=paused[[{"kind":"turn_checkpoint","workerId":"w-1","taskId":"baton-08c62fd1f846be42ab70d6e0-work","turnEpoch":203,"changedPathsDigest":"4f53cda18c2baa0c0354bb5f9a3ecbe5ed12ab4d8e11ba873c2f11161202b945","requestId":"pause:baton-08c62fd1f846be42ab70d6e0-work:1995"}]]
[m4a 2026-07-24T08:29:12.616Z] steered nudge_turn on pause:baton-08c62fd1f846be42ab70d6e0-work:1995 for grammar-m4a-implementer
[m4a 2026-07-24T08:29:32.633Z] progress 5920s grammar-m4a-implementer=paused[[{"kind":"turn_checkpoint","workerId":"w-1","taskId":"baton-08c62fd1f846be42ab70d6e0-work","turnEpoch":204,"changedPathsDigest":"4f53cda18c2baa0c0354bb5f9a3ecbe5ed12ab4d8e11ba873c2f11161202b945","requestId":"pause:baton-08c62fd1f846be42ab70d6e0-work:2003"}]]
[m4a 2026-07-24T08:29:32.758Z] steered nudge_turn on pause:baton-08c62fd1f846be42ab70d6e0-work:2003 for grammar-m4a-implementer
[m4a 2026-07-24T08:29:52.763Z] progress 5940s grammar-m4a-implementer=paused[[{"kind":"turn_checkpoint","workerId":"w-1","taskId":"baton-08c62fd1f846be42ab70d6e0-work","turnEpoch":205,"changedPathsDigest":"4f53cda18c2baa0c0354bb5f9a3ecbe5ed12ab4d8e11ba873c2f11161202b945","requestId":"pause:baton-08c62fd1f846be42ab70d6e0-work:2011"}]]
[m4a 2026-07-24T08:29:52.873Z] steered nudge_turn on pause:baton-08c62fd1f846be42ab70d6e0-work:2011 for grammar-m4a-implementer
[m4a 2026-07-24T08:30:12.878Z] progress 5960s grammar-m4a-implementer=paused[[{"kind":"turn_checkpoint","workerId":"w-1","taskId":"baton-08c62fd1f846be42ab70d6e0-work","turnEpoch":206,"changedPathsDigest":"4f53cda18c2baa0c0354bb5f9a3ecbe5ed12ab4d8e11ba873c2f11161202b945","requestId":"pause:baton-08c62fd1f846be42ab70d6e0-work:2019"}]]
[m4a 2026-07-24T08:30:12.995Z] steered nudge_turn on pause:baton-08c62fd1f846be42ab70d6e0-work:2019 for grammar-m4a-implementer
[m4a 2026-07-24T08:30:33.002Z] progress 5980s grammar-m4a-implementer=paused[[{"kind":"turn_checkpoint","workerId":"w-1","taskId":"baton-08c62fd1f846be42ab70d6e0-work","turnEpoch":207,"changedPathsDigest":"4f53cda18c2baa0c0354bb5f9a3ecbe5ed12ab4d8e11ba873c2f11161202b945","requestId":"pause:baton-08c62fd1f846be42ab70d6e0-work:2027"}]]
[m4a 2026-07-24T08:30:33.117Z] steered nudge_turn on pause:baton-08c62fd1f846be42ab70d6e0-work:2027 for grammar-m4a-implementer
[m4a 2026-07-24T08:30:53.124Z] progress 6001s grammar-m4a-implementer=paused[[{"kind":"turn_checkpoint","workerId":"w-1","taskId":"baton-08c62fd1f846be42ab70d6e0-work","turnEpoch":208,"changedPathsDigest":"4f53cda18c2baa0c0354bb5f9a3ecbe5ed12ab4d8e11ba873c2f11161202b945","requestId":"pause:baton-08c62fd1f846be42ab70d6e0-work:2035"}]]
[m4a 2026-07-24T08:30:53.239Z] steered nudge_turn on pause:baton-08c62fd1f846be42ab70d6e0-work:2035 for grammar-m4a-implementer
[m4a 2026-07-24T08:31:13.255Z] progress 6021s grammar-m4a-implementer=paused[[{"kind":"turn_checkpoint","workerId":"w-1","taskId":"baton-08c62fd1f846be42ab70d6e0-work","turnEpoch":209,"changedPathsDigest":"4f53cda18c2baa0c0354bb5f9a3ecbe5ed12ab4d8e11ba873c2f11161202b945","requestId":"pause:baton-08c62fd1f846be42ab70d6e0-work:2043"}]]
[m4a 2026-07-24T08:31:13.383Z] steered nudge_turn on pause:baton-08c62fd1f846be42ab70d6e0-work:2043 for grammar-m4a-implementer
[m4a 2026-07-24T08:31:33.394Z] progress 6041s grammar-m4a-implementer=paused[[{"kind":"turn_checkpoint","workerId":"w-1","taskId":"baton-08c62fd1f846be42ab70d6e0-work","turnEpoch":210,"changedPathsDigest":"4f53cda18c2baa0c0354bb5f9a3ecbe5ed12ab4d8e11ba873c2f11161202b945","requestId":"pause:baton-08c62fd1f846be42ab70d6e0-work:2051"}]]
[m4a 2026-07-24T08:31:33.514Z] steered nudge_turn on pause:baton-08c62fd1f846be42ab70d6e0-work:2051 for grammar-m4a-implementer
[m4a 2026-07-24T08:31:53.528Z] progress 6061s grammar-m4a-implementer=paused[[{"kind":"turn_checkpoint","workerId":"w-1","taskId":"baton-08c62fd1f846be42ab70d6e0-work","turnEpoch":211,"changedPathsDigest":"4f53cda18c2baa0c0354bb5f9a3ecbe5ed12ab4d8e11ba873c2f11161202b945","requestId":"pause:baton-08c62fd1f846be42ab70d6e0-work:2059"}]]
[m4a 2026-07-24T08:31:53.652Z] steered nudge_turn on pause:baton-08c62fd1f846be42ab70d6e0-work:2059 for grammar-m4a-implementer
[m4a 2026-07-24T08:32:13.665Z] progress 6081s grammar-m4a-implementer=paused[[{"kind":"turn_checkpoint","workerId":"w-1","taskId":"baton-08c62fd1f846be42ab70d6e0-work","turnEpoch":212,"changedPathsDigest":"4f53cda18c2baa0c0354bb5f9a3ecbe5ed12ab4d8e11ba873c2f11161202b945","requestId":"pause:baton-08c62fd1f846be42ab70d6e0-work:2067"}]]
[m4a 2026-07-24T08:32:13.790Z] steered nudge_turn on pause:baton-08c62fd1f846be42ab70d6e0-work:2067 for grammar-m4a-implementer
[m4a 2026-07-24T08:32:33.805Z] progress 6101s grammar-m4a-implementer=paused[[{"kind":"turn_checkpoint","workerId":"w-1","taskId":"baton-08c62fd1f846be42ab70d6e0-work","turnEpoch":213,"changedPathsDigest":"4f53cda18c2baa0c0354bb5f9a3ecbe5ed12ab4d8e11ba873c2f11161202b945","requestId":"pause:baton-08c62fd1f846be42ab70d6e0-work:2075"}]]
[m4a 2026-07-24T08:32:33.926Z] steered nudge_turn on pause:baton-08c62fd1f846be42ab70d6e0-work:2075 for grammar-m4a-implementer
[m4a 2026-07-24T08:32:53.945Z] progress 6121s grammar-m4a-implementer=paused[[{"kind":"turn_checkpoint","workerId":"w-1","taskId":"baton-08c62fd1f846be42ab70d6e0-work","turnEpoch":214,"changedPathsDigest":"4f53cda18c2baa0c0354bb5f9a3ecbe5ed12ab4d8e11ba873c2f11161202b945","requestId":"pause:baton-08c62fd1f846be42ab70d6e0-work:2083"}]]
[m4a 2026-07-24T08:32:54.073Z] steered nudge_turn on pause:baton-08c62fd1f846be42ab70d6e0-work:2083 for grammar-m4a-implementer
[m4a 2026-07-24T08:33:14.089Z] progress 6142s grammar-m4a-implementer=paused[[{"kind":"turn_checkpoint","workerId":"w-1","taskId":"baton-08c62fd1f846be42ab70d6e0-work","turnEpoch":215,"changedPathsDigest":"4f53cda18c2baa0c0354bb5f9a3ecbe5ed12ab4d8e11ba873c2f11161202b945","requestId":"pause:baton-08c62fd1f846be42ab70d6e0-work:2091"}]]
[m4a 2026-07-24T08:33:14.215Z] steered nudge_turn on pause:baton-08c62fd1f846be42ab70d6e0-work:2091 for grammar-m4a-implementer
[m4a 2026-07-24T08:33:34.232Z] progress 6162s grammar-m4a-implementer=paused[[{"kind":"turn_checkpoint","workerId":"w-1","taskId":"baton-08c62fd1f846be42ab70d6e0-work","turnEpoch":216,"changedPathsDigest":"4f53cda18c2baa0c0354bb5f9a3ecbe5ed12ab4d8e11ba873c2f11161202b945","requestId":"pause:baton-08c62fd1f846be42ab70d6e0-work:2099"}]]
[m4a 2026-07-24T08:33:34.364Z] steered nudge_turn on pause:baton-08c62fd1f846be42ab70d6e0-work:2099 for grammar-m4a-implementer
[m4a 2026-07-24T08:33:54.369Z] progress 6182s grammar-m4a-implementer=paused[[{"kind":"turn_checkpoint","workerId":"w-1","taskId":"baton-08c62fd1f846be42ab70d6e0-work","turnEpoch":217,"changedPathsDigest":"4f53cda18c2baa0c0354bb5f9a3ecbe5ed12ab4d8e11ba873c2f11161202b945","requestId":"pause:baton-08c62fd1f846be42ab70d6e0-work:2107"}]]
[m4a 2026-07-24T08:33:54.482Z] steered nudge_turn on pause:baton-08c62fd1f846be42ab70d6e0-work:2107 for grammar-m4a-implementer
[m4a 2026-07-24T08:34:14.497Z] progress 6202s grammar-m4a-implementer=paused[[{"kind":"turn_checkpoint","workerId":"w-1","taskId":"baton-08c62fd1f846be42ab70d6e0-work","turnEpoch":218,"changedPathsDigest":"4f53cda18c2baa0c0354bb5f9a3ecbe5ed12ab4d8e11ba873c2f11161202b945","requestId":"pause:baton-08c62fd1f846be42ab70d6e0-work:2115"}]]
[m4a 2026-07-24T08:34:14.621Z] steered nudge_turn on pause:baton-08c62fd1f846be42ab70d6e0-work:2115 for grammar-m4a-implementer
[m4a 2026-07-24T08:34:34.643Z] progress 6222s grammar-m4a-implementer=paused[[{"kind":"turn_checkpoint","workerId":"w-1","taskId":"baton-08c62fd1f846be42ab70d6e0-work","turnEpoch":219,"changedPathsDigest":"4f53cda18c2baa0c0354bb5f9a3ecbe5ed12ab4d8e11ba873c2f11161202b945","requestId":"pause:baton-08c62fd1f846be42ab70d6e0-work:2123"}]]
[m4a 2026-07-24T08:34:34.780Z] steered nudge_turn on pause:baton-08c62fd1f846be42ab70d6e0-work:2123 for grammar-m4a-implementer
[m4a 2026-07-24T08:34:54.795Z] progress 6242s grammar-m4a-implementer=paused[[{"kind":"turn_checkpoint","workerId":"w-1","taskId":"baton-08c62fd1f846be42ab70d6e0-work","turnEpoch":220,"changedPathsDigest":"4f53cda18c2baa0c0354bb5f9a3ecbe5ed12ab4d8e11ba873c2f11161202b945","requestId":"pause:baton-08c62fd1f846be42ab70d6e0-work:2131"}]]
[m4a 2026-07-24T08:34:54.920Z] steered nudge_turn on pause:baton-08c62fd1f846be42ab70d6e0-work:2131 for grammar-m4a-implementer
[m4a 2026-07-24T08:35:14.931Z] progress 6262s grammar-m4a-implementer=paused[[{"kind":"turn_checkpoint","workerId":"w-1","taskId":"baton-08c62fd1f846be42ab70d6e0-work","turnEpoch":221,"changedPathsDigest":"4f53cda18c2baa0c0354bb5f9a3ecbe5ed12ab4d8e11ba873c2f11161202b945","requestId":"pause:baton-08c62fd1f846be42ab70d6e0-work:2139"}]]
[m4a 2026-07-24T08:35:15.052Z] steered nudge_turn on pause:baton-08c62fd1f846be42ab70d6e0-work:2139 for grammar-m4a-implementer
[m4a 2026-07-24T08:35:35.061Z] progress 6283s grammar-m4a-implementer=paused[[{"kind":"turn_checkpoint","workerId":"w-1","taskId":"baton-08c62fd1f846be42ab70d6e0-work","turnEpoch":222,"changedPathsDigest":"4f53cda18c2baa0c0354bb5f9a3ecbe5ed12ab4d8e11ba873c2f11161202b945","requestId":"pause:baton-08c62fd1f846be42ab70d6e0-work:2147"}]]
[m4a 2026-07-24T08:35:35.204Z] steered nudge_turn on pause:baton-08c62fd1f846be42ab70d6e0-work:2147 for grammar-m4a-implementer
[m4a 2026-07-24T08:35:55.212Z] progress 6303s grammar-m4a-implementer=paused[[{"kind":"turn_checkpoint","workerId":"w-1","taskId":"baton-08c62fd1f846be42ab70d6e0-work","turnEpoch":223,"changedPathsDigest":"4f53cda18c2baa0c0354bb5f9a3ecbe5ed12ab4d8e11ba873c2f11161202b945","requestId":"pause:baton-08c62fd1f846be42ab70d6e0-work:2155"}]]
[m4a 2026-07-24T08:35:55.326Z] steered nudge_turn on pause:baton-08c62fd1f846be42ab70d6e0-work:2155 for grammar-m4a-implementer
[m4a 2026-07-24T08:36:15.331Z] progress 6323s grammar-m4a-implementer=paused[[{"kind":"turn_checkpoint","workerId":"w-1","taskId":"baton-08c62fd1f846be42ab70d6e0-work","turnEpoch":224,"changedPathsDigest":"4f53cda18c2baa0c0354bb5f9a3ecbe5ed12ab4d8e11ba873c2f11161202b945","requestId":"pause:baton-08c62fd1f846be42ab70d6e0-work:2163"}]]
[m4a 2026-07-24T08:36:15.446Z] steered nudge_turn on pause:baton-08c62fd1f846be42ab70d6e0-work:2163 for grammar-m4a-implementer
[m4a 2026-07-24T08:36:35.452Z] progress 6343s grammar-m4a-implementer=paused[[{"kind":"turn_checkpoint","workerId":"w-1","taskId":"baton-08c62fd1f846be42ab70d6e0-work","turnEpoch":225,"changedPathsDigest":"4f53cda18c2baa0c0354bb5f9a3ecbe5ed12ab4d8e11ba873c2f11161202b945","requestId":"pause:baton-08c62fd1f846be42ab70d6e0-work:2171"}]]
[m4a 2026-07-24T08:36:35.563Z] steered nudge_turn on pause:baton-08c62fd1f846be42ab70d6e0-work:2171 for grammar-m4a-implementer
[m4a 2026-07-24T08:36:55.572Z] progress 6363s grammar-m4a-implementer=paused[[{"kind":"turn_checkpoint","workerId":"w-1","taskId":"baton-08c62fd1f846be42ab70d6e0-work","turnEpoch":226,"changedPathsDigest":"4f53cda18c2baa0c0354bb5f9a3ecbe5ed12ab4d8e11ba873c2f11161202b945","requestId":"pause:baton-08c62fd1f846be42ab70d6e0-work:2179"}]]
[m4a 2026-07-24T08:36:55.698Z] steered nudge_turn on pause:baton-08c62fd1f846be42ab70d6e0-work:2179 for grammar-m4a-implementer
[m4a 2026-07-24T08:37:15.717Z] progress 6383s grammar-m4a-implementer=paused[[{"kind":"turn_checkpoint","workerId":"w-1","taskId":"baton-08c62fd1f846be42ab70d6e0-work","turnEpoch":227,"changedPathsDigest":"4f53cda18c2baa0c0354bb5f9a3ecbe5ed12ab4d8e11ba873c2f11161202b945","requestId":"pause:baton-08c62fd1f846be42ab70d6e0-work:2187"}]]
[m4a 2026-07-24T08:37:15.851Z] steered nudge_turn on pause:baton-08c62fd1f846be42ab70d6e0-work:2187 for grammar-m4a-implementer
[m4a 2026-07-24T08:37:35.868Z] progress 6403s grammar-m4a-implementer=paused[[{"kind":"turn_checkpoint","workerId":"w-1","taskId":"baton-08c62fd1f846be42ab70d6e0-work","turnEpoch":228,"changedPathsDigest":"4f53cda18c2baa0c0354bb5f9a3ecbe5ed12ab4d8e11ba873c2f11161202b945","requestId":"pause:baton-08c62fd1f846be42ab70d6e0-work:2195"}]]
[m4a 2026-07-24T08:37:36.004Z] steered nudge_turn on pause:baton-08c62fd1f846be42ab70d6e0-work:2195 for grammar-m4a-implementer
[m4a 2026-07-24T08:37:56.011Z] progress 6423s grammar-m4a-implementer=paused[[{"kind":"turn_checkpoint","workerId":"w-1","taskId":"baton-08c62fd1f846be42ab70d6e0-work","turnEpoch":229,"changedPathsDigest":"4f53cda18c2baa0c0354bb5f9a3ecbe5ed12ab4d8e11ba873c2f11161202b945","requestId":"pause:baton-08c62fd1f846be42ab70d6e0-work:2203"}]]
[m4a 2026-07-24T08:37:56.188Z] steered nudge_turn on pause:baton-08c62fd1f846be42ab70d6e0-work:2203 for grammar-m4a-implementer
[m4a 2026-07-24T08:38:16.195Z] progress 6444s grammar-m4a-implementer=paused[[{"kind":"turn_checkpoint","workerId":"w-1","taskId":"baton-08c62fd1f846be42ab70d6e0-work","turnEpoch":230,"changedPathsDigest":"4f53cda18c2baa0c0354bb5f9a3ecbe5ed12ab4d8e11ba873c2f11161202b945","requestId":"pause:baton-08c62fd1f846be42ab70d6e0-work:2211"}]]
[m4a 2026-07-24T08:38:16.318Z] steered nudge_turn on pause:baton-08c62fd1f846be42ab70d6e0-work:2211 for grammar-m4a-implementer
[m4a 2026-07-24T08:38:36.324Z] progress 6464s grammar-m4a-implementer=paused[[{"kind":"turn_checkpoint","workerId":"w-1","taskId":"baton-08c62fd1f846be42ab70d6e0-work","turnEpoch":231,"changedPathsDigest":"4f53cda18c2baa0c0354bb5f9a3ecbe5ed12ab4d8e11ba873c2f11161202b945","requestId":"pause:baton-08c62fd1f846be42ab70d6e0-work:2219"}]]
[m4a 2026-07-24T08:38:36.449Z] steered nudge_turn on pause:baton-08c62fd1f846be42ab70d6e0-work:2219 for grammar-m4a-implementer
[m4a 2026-07-24T08:38:56.456Z] progress 6484s grammar-m4a-implementer=paused[[{"kind":"turn_checkpoint","workerId":"w-1","taskId":"baton-08c62fd1f846be42ab70d6e0-work","turnEpoch":232,"changedPathsDigest":"4f53cda18c2baa0c0354bb5f9a3ecbe5ed12ab4d8e11ba873c2f11161202b945","requestId":"pause:baton-08c62fd1f846be42ab70d6e0-work:2227"}]]
[m4a 2026-07-24T08:38:56.581Z] steered nudge_turn on pause:baton-08c62fd1f846be42ab70d6e0-work:2227 for grammar-m4a-implementer
[m4a 2026-07-24T08:39:16.588Z] progress 6504s grammar-m4a-implementer=paused[[{"kind":"turn_checkpoint","workerId":"w-1","taskId":"baton-08c62fd1f846be42ab70d6e0-work","turnEpoch":233,"changedPathsDigest":"4f53cda18c2baa0c0354bb5f9a3ecbe5ed12ab4d8e11ba873c2f11161202b945","requestId":"pause:baton-08c62fd1f846be42ab70d6e0-work:2235"}]]
[m4a 2026-07-24T08:39:16.711Z] steered nudge_turn on pause:baton-08c62fd1f846be42ab70d6e0-work:2235 for grammar-m4a-implementer
[m4a 2026-07-24T08:39:36.717Z] progress 6524s grammar-m4a-implementer=paused[[{"kind":"turn_checkpoint","workerId":"w-1","taskId":"baton-08c62fd1f846be42ab70d6e0-work","turnEpoch":234,"changedPathsDigest":"4f53cda18c2baa0c0354bb5f9a3ecbe5ed12ab4d8e11ba873c2f11161202b945","requestId":"pause:baton-08c62fd1f846be42ab70d6e0-work:2243"}]]
[m4a 2026-07-24T08:39:36.840Z] steered nudge_turn on pause:baton-08c62fd1f846be42ab70d6e0-work:2243 for grammar-m4a-implementer
[m4a 2026-07-24T08:39:56.847Z] progress 6544s grammar-m4a-implementer=paused[[{"kind":"turn_checkpoint","workerId":"w-1","taskId":"baton-08c62fd1f846be42ab70d6e0-work","turnEpoch":235,"changedPathsDigest":"4f53cda18c2baa0c0354bb5f9a3ecbe5ed12ab4d8e11ba873c2f11161202b945","requestId":"pause:baton-08c62fd1f846be42ab70d6e0-work:2251"}]]
[m4a 2026-07-24T08:39:56.970Z] steered nudge_turn on pause:baton-08c62fd1f846be42ab70d6e0-work:2251 for grammar-m4a-implementer
[m4a 2026-07-24T08:40:16.976Z] progress 6564s grammar-m4a-implementer=paused[[{"kind":"turn_checkpoint","workerId":"w-1","taskId":"baton-08c62fd1f846be42ab70d6e0-work","turnEpoch":236,"changedPathsDigest":"4f53cda18c2baa0c0354bb5f9a3ecbe5ed12ab4d8e11ba873c2f11161202b945","requestId":"pause:baton-08c62fd1f846be42ab70d6e0-work:2259"}]]
[m4a 2026-07-24T08:40:17.103Z] steered nudge_turn on pause:baton-08c62fd1f846be42ab70d6e0-work:2259 for grammar-m4a-implementer
[m4a 2026-07-24T08:40:37.109Z] progress 6585s grammar-m4a-implementer=paused[[{"kind":"turn_checkpoint","workerId":"w-1","taskId":"baton-08c62fd1f846be42ab70d6e0-work","turnEpoch":237,"changedPathsDigest":"4f53cda18c2baa0c0354bb5f9a3ecbe5ed12ab4d8e11ba873c2f11161202b945","requestId":"pause:baton-08c62fd1f846be42ab70d6e0-work:2267"}]]
[m4a 2026-07-24T08:40:37.236Z] steered nudge_turn on pause:baton-08c62fd1f846be42ab70d6e0-work:2267 for grammar-m4a-implementer
[m4a 2026-07-24T08:40:57.241Z] progress 6605s grammar-m4a-implementer=paused[[{"kind":"turn_checkpoint","workerId":"w-1","taskId":"baton-08c62fd1f846be42ab70d6e0-work","turnEpoch":238,"changedPathsDigest":"4f53cda18c2baa0c0354bb5f9a3ecbe5ed12ab4d8e11ba873c2f11161202b945","requestId":"pause:baton-08c62fd1f846be42ab70d6e0-work:2275"}]]
[m4a 2026-07-24T08:40:57.370Z] steered nudge_turn on pause:baton-08c62fd1f846be42ab70d6e0-work:2275 for grammar-m4a-implementer
[m4a 2026-07-24T08:41:17.376Z] progress 6625s grammar-m4a-implementer=paused[[{"kind":"turn_checkpoint","workerId":"w-1","taskId":"baton-08c62fd1f846be42ab70d6e0-work","turnEpoch":239,"changedPathsDigest":"4f53cda18c2baa0c0354bb5f9a3ecbe5ed12ab4d8e11ba873c2f11161202b945","requestId":"pause:baton-08c62fd1f846be42ab70d6e0-work:2283"}]]
[m4a 2026-07-24T08:41:17.502Z] steered nudge_turn on pause:baton-08c62fd1f846be42ab70d6e0-work:2283 for grammar-m4a-implementer
[m4a 2026-07-24T08:41:37.508Z] progress 6645s grammar-m4a-implementer=paused[[{"kind":"turn_checkpoint","workerId":"w-1","taskId":"baton-08c62fd1f846be42ab70d6e0-work","turnEpoch":240,"changedPathsDigest":"4f53cda18c2baa0c0354bb5f9a3ecbe5ed12ab4d8e11ba873c2f11161202b945","requestId":"pause:baton-08c62fd1f846be42ab70d6e0-work:2291"}]]
[m4a 2026-07-24T08:41:37.635Z] steered nudge_turn on pause:baton-08c62fd1f846be42ab70d6e0-work:2291 for grammar-m4a-implementer
[m4a 2026-07-24T08:41:57.642Z] progress 6665s grammar-m4a-implementer=paused[[{"kind":"turn_checkpoint","workerId":"w-1","taskId":"baton-08c62fd1f846be42ab70d6e0-work","turnEpoch":241,"changedPathsDigest":"4f53cda18c2baa0c0354bb5f9a3ecbe5ed12ab4d8e11ba873c2f11161202b945","requestId":"pause:baton-08c62fd1f846be42ab70d6e0-work:2299"}]]
[m4a 2026-07-24T08:41:57.771Z] steered nudge_turn on pause:baton-08c62fd1f846be42ab70d6e0-work:2299 for grammar-m4a-implementer
[m4a 2026-07-24T08:42:17.777Z] progress 6685s grammar-m4a-implementer=paused[[{"kind":"turn_checkpoint","workerId":"w-1","taskId":"baton-08c62fd1f846be42ab70d6e0-work","turnEpoch":242,"changedPathsDigest":"4f53cda18c2baa0c0354bb5f9a3ecbe5ed12ab4d8e11ba873c2f11161202b945","requestId":"pause:baton-08c62fd1f846be42ab70d6e0-work:2307"}]]
[m4a 2026-07-24T08:42:17.903Z] steered nudge_turn on pause:baton-08c62fd1f846be42ab70d6e0-work:2307 for grammar-m4a-implementer
[m4a 2026-07-24T08:42:37.909Z] progress 6705s grammar-m4a-implementer=paused[[{"kind":"turn_checkpoint","workerId":"w-1","taskId":"baton-08c62fd1f846be42ab70d6e0-work","turnEpoch":243,"changedPathsDigest":"4f53cda18c2baa0c0354bb5f9a3ecbe5ed12ab4d8e11ba873c2f11161202b945","requestId":"pause:baton-08c62fd1f846be42ab70d6e0-work:2315"}]]
[m4a 2026-07-24T08:42:38.034Z] steered nudge_turn on pause:baton-08c62fd1f846be42ab70d6e0-work:2315 for grammar-m4a-implementer
[m4a 2026-07-24T08:42:58.041Z] progress 6726s grammar-m4a-implementer=paused[[{"kind":"turn_checkpoint","workerId":"w-1","taskId":"baton-08c62fd1f846be42ab70d6e0-work","turnEpoch":244,"changedPathsDigest":"4f53cda18c2baa0c0354bb5f9a3ecbe5ed12ab4d8e11ba873c2f11161202b945","requestId":"pause:baton-08c62fd1f846be42ab70d6e0-work:2323"}]]
[m4a 2026-07-24T08:42:58.169Z] steered nudge_turn on pause:baton-08c62fd1f846be42ab70d6e0-work:2323 for grammar-m4a-implementer
[m4a 2026-07-24T08:43:18.175Z] progress 6746s grammar-m4a-implementer=paused[[{"kind":"turn_checkpoint","workerId":"w-1","taskId":"baton-08c62fd1f846be42ab70d6e0-work","turnEpoch":245,"changedPathsDigest":"4f53cda18c2baa0c0354bb5f9a3ecbe5ed12ab4d8e11ba873c2f11161202b945","requestId":"pause:baton-08c62fd1f846be42ab70d6e0-work:2331"}]]
[m4a 2026-07-24T08:43:18.300Z] steered nudge_turn on pause:baton-08c62fd1f846be42ab70d6e0-work:2331 for grammar-m4a-implementer
[m4a 2026-07-24T08:43:38.308Z] progress 6766s grammar-m4a-implementer=paused[[{"kind":"turn_checkpoint","workerId":"w-1","taskId":"baton-08c62fd1f846be42ab70d6e0-work","turnEpoch":246,"changedPathsDigest":"4f53cda18c2baa0c0354bb5f9a3ecbe5ed12ab4d8e11ba873c2f11161202b945","requestId":"pause:baton-08c62fd1f846be42ab70d6e0-work:2339"}]]
[m4a 2026-07-24T08:43:38.448Z] steered nudge_turn on pause:baton-08c62fd1f846be42ab70d6e0-work:2339 for grammar-m4a-implementer
[m4a 2026-07-24T08:43:58.462Z] progress 6786s grammar-m4a-implementer=paused[[{"kind":"turn_checkpoint","workerId":"w-1","taskId":"baton-08c62fd1f846be42ab70d6e0-work","turnEpoch":247,"changedPathsDigest":"4f53cda18c2baa0c0354bb5f9a3ecbe5ed12ab4d8e11ba873c2f11161202b945","requestId":"pause:baton-08c62fd1f846be42ab70d6e0-work:2347"}]]
[m4a 2026-07-24T08:43:58.625Z] steered nudge_turn on pause:baton-08c62fd1f846be42ab70d6e0-work:2347 for grammar-m4a-implementer
[m4a 2026-07-24T08:44:18.633Z] progress 6806s grammar-m4a-implementer=paused[[{"kind":"turn_checkpoint","workerId":"w-1","taskId":"baton-08c62fd1f846be42ab70d6e0-work","turnEpoch":248,"changedPathsDigest":"4f53cda18c2baa0c0354bb5f9a3ecbe5ed12ab4d8e11ba873c2f11161202b945","requestId":"pause:baton-08c62fd1f846be42ab70d6e0-work:2355"}]]
[m4a 2026-07-24T08:44:18.767Z] steered nudge_turn on pause:baton-08c62fd1f846be42ab70d6e0-work:2355 for grammar-m4a-implementer
[m4a 2026-07-24T08:44:38.779Z] progress 6826s grammar-m4a-implementer=paused[[{"kind":"turn_checkpoint","workerId":"w-1","taskId":"baton-08c62fd1f846be42ab70d6e0-work","turnEpoch":249,"changedPathsDigest":"4f53cda18c2baa0c0354bb5f9a3ecbe5ed12ab4d8e11ba873c2f11161202b945","requestId":"pause:baton-08c62fd1f846be42ab70d6e0-work:2363"}]]
[m4a 2026-07-24T08:44:38.920Z] steered nudge_turn on pause:baton-08c62fd1f846be42ab70d6e0-work:2363 for grammar-m4a-implementer
[m4a 2026-07-24T08:44:58.933Z] progress 6846s grammar-m4a-implementer=paused[[{"kind":"turn_checkpoint","workerId":"w-1","taskId":"baton-08c62fd1f846be42ab70d6e0-work","turnEpoch":250,"changedPathsDigest":"4f53cda18c2baa0c0354bb5f9a3ecbe5ed12ab4d8e11ba873c2f11161202b945","requestId":"pause:baton-08c62fd1f846be42ab70d6e0-work:2371"}]]
[m4a 2026-07-24T08:44:59.076Z] steered nudge_turn on pause:baton-08c62fd1f846be42ab70d6e0-work:2371 for grammar-m4a-implementer
[m4a 2026-07-24T08:45:19.088Z] progress 6867s grammar-m4a-implementer=paused[[{"kind":"turn_checkpoint","workerId":"w-1","taskId":"baton-08c62fd1f846be42ab70d6e0-work","turnEpoch":251,"changedPathsDigest":"4f53cda18c2baa0c0354bb5f9a3ecbe5ed12ab4d8e11ba873c2f11161202b945","requestId":"pause:baton-08c62fd1f846be42ab70d6e0-work:2379"}]]
[m4a 2026-07-24T08:45:19.296Z] steered nudge_turn on pause:baton-08c62fd1f846be42ab70d6e0-work:2379 for grammar-m4a-implementer
[m4a 2026-07-24T08:45:39.302Z] progress 6887s grammar-m4a-implementer=paused[[{"kind":"turn_checkpoint","workerId":"w-1","taskId":"baton-08c62fd1f846be42ab70d6e0-work","turnEpoch":252,"changedPathsDigest":"4f53cda18c2baa0c0354bb5f9a3ecbe5ed12ab4d8e11ba873c2f11161202b945","requestId":"pause:baton-08c62fd1f846be42ab70d6e0-work:2387"}]]
[m4a 2026-07-24T08:45:39.432Z] steered nudge_turn on pause:baton-08c62fd1f846be42ab70d6e0-work:2387 for grammar-m4a-implementer
[m4a 2026-07-24T08:45:59.439Z] progress 6907s grammar-m4a-implementer=paused[[{"kind":"turn_checkpoint","workerId":"w-1","taskId":"baton-08c62fd1f846be42ab70d6e0-work","turnEpoch":253,"changedPathsDigest":"4f53cda18c2baa0c0354bb5f9a3ecbe5ed12ab4d8e11ba873c2f11161202b945","requestId":"pause:baton-08c62fd1f846be42ab70d6e0-work:2395"}]]
[m4a 2026-07-24T08:45:59.573Z] steered nudge_turn on pause:baton-08c62fd1f846be42ab70d6e0-work:2395 for grammar-m4a-implementer
[m4a 2026-07-24T08:46:19.580Z] progress 6927s grammar-m4a-implementer=paused[[{"kind":"turn_checkpoint","workerId":"w-1","taskId":"baton-08c62fd1f846be42ab70d6e0-work","turnEpoch":254,"changedPathsDigest":"4f53cda18c2baa0c0354bb5f9a3ecbe5ed12ab4d8e11ba873c2f11161202b945","requestId":"pause:baton-08c62fd1f846be42ab70d6e0-work:2403"}]]
[m4a 2026-07-24T08:46:19.713Z] steered nudge_turn on pause:baton-08c62fd1f846be42ab70d6e0-work:2403 for grammar-m4a-implementer
[m4a 2026-07-24T08:46:39.721Z] progress 6947s grammar-m4a-implementer=paused[[{"kind":"turn_checkpoint","workerId":"w-1","taskId":"baton-08c62fd1f846be42ab70d6e0-work","turnEpoch":255,"changedPathsDigest":"4f53cda18c2baa0c0354bb5f9a3ecbe5ed12ab4d8e11ba873c2f11161202b945","requestId":"pause:baton-08c62fd1f846be42ab70d6e0-work:2411"}]]
[m4a 2026-07-24T08:46:39.859Z] steered nudge_turn on pause:baton-08c62fd1f846be42ab70d6e0-work:2411 for grammar-m4a-implementer
[m4a 2026-07-24T08:46:59.865Z] progress 6967s grammar-m4a-implementer=paused[[{"kind":"turn_checkpoint","workerId":"w-1","taskId":"baton-08c62fd1f846be42ab70d6e0-work","turnEpoch":256,"changedPathsDigest":"4f53cda18c2baa0c0354bb5f9a3ecbe5ed12ab4d8e11ba873c2f11161202b945","requestId":"pause:baton-08c62fd1f846be42ab70d6e0-work:2419"}]]
[m4a 2026-07-24T08:46:59.995Z] steered nudge_turn on pause:baton-08c62fd1f846be42ab70d6e0-work:2419 for grammar-m4a-implementer
[m4a 2026-07-24T08:47:20.001Z] progress 6987s grammar-m4a-implementer=paused[[{"kind":"turn_checkpoint","workerId":"w-1","taskId":"baton-08c62fd1f846be42ab70d6e0-work","turnEpoch":257,"changedPathsDigest":"4f53cda18c2baa0c0354bb5f9a3ecbe5ed12ab4d8e11ba873c2f11161202b945","requestId":"pause:baton-08c62fd1f846be42ab70d6e0-work:2427"}]]
[m4a 2026-07-24T08:47:20.132Z] steered nudge_turn on pause:baton-08c62fd1f846be42ab70d6e0-work:2427 for grammar-m4a-implementer
[m4a 2026-07-24T08:47:40.142Z] progress 7008s grammar-m4a-implementer=paused[[{"kind":"turn_checkpoint","workerId":"w-1","taskId":"baton-08c62fd1f846be42ab70d6e0-work","turnEpoch":258,"changedPathsDigest":"4f53cda18c2baa0c0354bb5f9a3ecbe5ed12ab4d8e11ba873c2f11161202b945","requestId":"pause:baton-08c62fd1f846be42ab70d6e0-work:2435"}]]
[m4a 2026-07-24T08:47:40.293Z] steered nudge_turn on pause:baton-08c62fd1f846be42ab70d6e0-work:2435 for grammar-m4a-implementer
[m4a 2026-07-24T08:48:00.302Z] progress 7028s grammar-m4a-implementer=paused[[{"kind":"turn_checkpoint","workerId":"w-1","taskId":"baton-08c62fd1f846be42ab70d6e0-work","turnEpoch":259,"changedPathsDigest":"4f53cda18c2baa0c0354bb5f9a3ecbe5ed12ab4d8e11ba873c2f11161202b945","requestId":"pause:baton-08c62fd1f846be42ab70d6e0-work:2443"}]]
[m4a 2026-07-24T08:48:00.457Z] steered nudge_turn on pause:baton-08c62fd1f846be42ab70d6e0-work:2443 for grammar-m4a-implementer
[m4a 2026-07-24T08:48:20.463Z] progress 7048s grammar-m4a-implementer=paused[[{"kind":"turn_checkpoint","workerId":"w-1","taskId":"baton-08c62fd1f846be42ab70d6e0-work","turnEpoch":260,"changedPathsDigest":"4f53cda18c2baa0c0354bb5f9a3ecbe5ed12ab4d8e11ba873c2f11161202b945","requestId":"pause:baton-08c62fd1f846be42ab70d6e0-work:2451"}]]
[m4a 2026-07-24T08:48:20.597Z] steered nudge_turn on pause:baton-08c62fd1f846be42ab70d6e0-work:2451 for grammar-m4a-implementer
[m4a 2026-07-24T08:48:40.604Z] progress 7068s grammar-m4a-implementer=paused[[{"kind":"turn_checkpoint","workerId":"w-1","taskId":"baton-08c62fd1f846be42ab70d6e0-work","turnEpoch":261,"changedPathsDigest":"4f53cda18c2baa0c0354bb5f9a3ecbe5ed12ab4d8e11ba873c2f11161202b945","requestId":"pause:baton-08c62fd1f846be42ab70d6e0-work:2459"}]]
[m4a 2026-07-24T08:48:40.735Z] steered nudge_turn on pause:baton-08c62fd1f846be42ab70d6e0-work:2459 for grammar-m4a-implementer
[m4a 2026-07-24T08:49:00.742Z] progress 7088s grammar-m4a-implementer=paused[[{"kind":"turn_checkpoint","workerId":"w-1","taskId":"baton-08c62fd1f846be42ab70d6e0-work","turnEpoch":262,"changedPathsDigest":"4f53cda18c2baa0c0354bb5f9a3ecbe5ed12ab4d8e11ba873c2f11161202b945","requestId":"pause:baton-08c62fd1f846be42ab70d6e0-work:2467"}]]
[m4a 2026-07-24T08:49:00.887Z] steered nudge_turn on pause:baton-08c62fd1f846be42ab70d6e0-work:2467 for grammar-m4a-implementer
[m4a 2026-07-24T08:49:20.894Z] progress 7108s grammar-m4a-implementer=paused[[{"kind":"turn_checkpoint","workerId":"w-1","taskId":"baton-08c62fd1f846be42ab70d6e0-work","turnEpoch":263,"changedPathsDigest":"4f53cda18c2baa0c0354bb5f9a3ecbe5ed12ab4d8e11ba873c2f11161202b945","requestId":"pause:baton-08c62fd1f846be42ab70d6e0-work:2475"}]]
[m4a 2026-07-24T08:49:21.038Z] steered nudge_turn on pause:baton-08c62fd1f846be42ab70d6e0-work:2475 for grammar-m4a-implementer
[m4a 2026-07-24T08:49:41.046Z] progress 7129s grammar-m4a-implementer=paused[[{"kind":"turn_checkpoint","workerId":"w-1","taskId":"baton-08c62fd1f846be42ab70d6e0-work","turnEpoch":264,"changedPathsDigest":"4f53cda18c2baa0c0354bb5f9a3ecbe5ed12ab4d8e11ba873c2f11161202b945","requestId":"pause:baton-08c62fd1f846be42ab70d6e0-work:2483"}]]
[m4a 2026-07-24T08:49:41.183Z] steered nudge_turn on pause:baton-08c62fd1f846be42ab70d6e0-work:2483 for grammar-m4a-implementer
[m4a 2026-07-24T08:50:01.189Z] progress 7149s grammar-m4a-implementer=paused[[{"kind":"turn_checkpoint","workerId":"w-1","taskId":"baton-08c62fd1f846be42ab70d6e0-work","turnEpoch":265,"changedPathsDigest":"4f53cda18c2baa0c0354bb5f9a3ecbe5ed12ab4d8e11ba873c2f11161202b945","requestId":"pause:baton-08c62fd1f846be42ab70d6e0-work:2491"}]]
[m4a 2026-07-24T08:50:01.320Z] steered nudge_turn on pause:baton-08c62fd1f846be42ab70d6e0-work:2491 for grammar-m4a-implementer
[m4a 2026-07-24T08:50:21.326Z] progress 7169s grammar-m4a-implementer=paused[[{"kind":"turn_checkpoint","workerId":"w-1","taskId":"baton-08c62fd1f846be42ab70d6e0-work","turnEpoch":266,"changedPathsDigest":"4f53cda18c2baa0c0354bb5f9a3ecbe5ed12ab4d8e11ba873c2f11161202b945","requestId":"pause:baton-08c62fd1f846be42ab70d6e0-work:2499"}]]
[m4a 2026-07-24T08:50:21.460Z] steered nudge_turn on pause:baton-08c62fd1f846be42ab70d6e0-work:2499 for grammar-m4a-implementer
[m4a 2026-07-24T08:50:41.466Z] progress 7189s grammar-m4a-implementer=paused[[{"kind":"turn_checkpoint","workerId":"w-1","taskId":"baton-08c62fd1f846be42ab70d6e0-work","turnEpoch":267,"changedPathsDigest":"4f53cda18c2baa0c0354bb5f9a3ecbe5ed12ab4d8e11ba873c2f11161202b945","requestId":"pause:baton-08c62fd1f846be42ab70d6e0-work:2507"}]]
[m4a 2026-07-24T08:50:41.600Z] steered nudge_turn on pause:baton-08c62fd1f846be42ab70d6e0-work:2507 for grammar-m4a-implementer
[m4a 2026-07-24T08:51:01.607Z] progress 7209s grammar-m4a-implementer=paused[[{"kind":"turn_checkpoint","workerId":"w-1","taskId":"baton-08c62fd1f846be42ab70d6e0-work","turnEpoch":268,"changedPathsDigest":"4f53cda18c2baa0c0354bb5f9a3ecbe5ed12ab4d8e11ba873c2f11161202b945","requestId":"pause:baton-08c62fd1f846be42ab70d6e0-work:2515"}]]
[m4a 2026-07-24T08:51:01.753Z] steered nudge_turn on pause:baton-08c62fd1f846be42ab70d6e0-work:2515 for grammar-m4a-implementer
[m4a 2026-07-24T08:51:21.761Z] progress 7229s grammar-m4a-implementer=paused[[{"kind":"turn_checkpoint","workerId":"w-1","taskId":"baton-08c62fd1f846be42ab70d6e0-work","turnEpoch":269,"changedPathsDigest":"4f53cda18c2baa0c0354bb5f9a3ecbe5ed12ab4d8e11ba873c2f11161202b945","requestId":"pause:baton-08c62fd1f846be42ab70d6e0-work:2523"}]]
[m4a 2026-07-24T08:51:21.902Z] steered nudge_turn on pause:baton-08c62fd1f846be42ab70d6e0-work:2523 for grammar-m4a-implementer
[m4a 2026-07-24T08:51:41.915Z] progress 7249s grammar-m4a-implementer=paused[[{"kind":"turn_checkpoint","workerId":"w-1","taskId":"baton-08c62fd1f846be42ab70d6e0-work","turnEpoch":270,"changedPathsDigest":"4f53cda18c2baa0c0354bb5f9a3ecbe5ed12ab4d8e11ba873c2f11161202b945","requestId":"pause:baton-08c62fd1f846be42ab70d6e0-work:2531"}]]
[m4a 2026-07-24T08:51:42.061Z] steered nudge_turn on pause:baton-08c62fd1f846be42ab70d6e0-work:2531 for grammar-m4a-implementer
[m4a 2026-07-24T08:52:02.072Z] progress 7270s grammar-m4a-implementer=paused[[{"kind":"turn_checkpoint","workerId":"w-1","taskId":"baton-08c62fd1f846be42ab70d6e0-work","turnEpoch":271,"changedPathsDigest":"4f53cda18c2baa0c0354bb5f9a3ecbe5ed12ab4d8e11ba873c2f11161202b945","requestId":"pause:baton-08c62fd1f846be42ab70d6e0-work:2539"}]]
[m4a 2026-07-24T08:52:02.214Z] steered nudge_turn on pause:baton-08c62fd1f846be42ab70d6e0-work:2539 for grammar-m4a-implementer
[m4a 2026-07-24T08:52:22.223Z] progress 7290s grammar-m4a-implementer=paused[[{"kind":"turn_checkpoint","workerId":"w-1","taskId":"baton-08c62fd1f846be42ab70d6e0-work","turnEpoch":272,"changedPathsDigest":"4f53cda18c2baa0c0354bb5f9a3ecbe5ed12ab4d8e11ba873c2f11161202b945","requestId":"pause:baton-08c62fd1f846be42ab70d6e0-work:2547"}]]
[m4a 2026-07-24T08:52:22.360Z] steered nudge_turn on pause:baton-08c62fd1f846be42ab70d6e0-work:2547 for grammar-m4a-implementer
[m4a 2026-07-24T08:52:42.370Z] progress 7310s grammar-m4a-implementer=paused[[{"kind":"turn_checkpoint","workerId":"w-1","taskId":"baton-08c62fd1f846be42ab70d6e0-work","turnEpoch":273,"changedPathsDigest":"4f53cda18c2baa0c0354bb5f9a3ecbe5ed12ab4d8e11ba873c2f11161202b945","requestId":"pause:baton-08c62fd1f846be42ab70d6e0-work:2555"}]]
[m4a 2026-07-24T08:52:42.510Z] steered nudge_turn on pause:baton-08c62fd1f846be42ab70d6e0-work:2555 for grammar-m4a-implementer
[m4a 2026-07-24T08:53:02.518Z] progress 7330s grammar-m4a-implementer=paused[[{"kind":"turn_checkpoint","workerId":"w-1","taskId":"baton-08c62fd1f846be42ab70d6e0-work","turnEpoch":274,"changedPathsDigest":"4f53cda18c2baa0c0354bb5f9a3ecbe5ed12ab4d8e11ba873c2f11161202b945","requestId":"pause:baton-08c62fd1f846be42ab70d6e0-work:2563"}]]
[m4a 2026-07-24T08:53:02.654Z] steered nudge_turn on pause:baton-08c62fd1f846be42ab70d6e0-work:2563 for grammar-m4a-implementer
[m4a 2026-07-24T08:53:22.660Z] progress 7350s grammar-m4a-implementer=paused[[{"kind":"turn_checkpoint","workerId":"w-1","taskId":"baton-08c62fd1f846be42ab70d6e0-work","turnEpoch":275,"changedPathsDigest":"4f53cda18c2baa0c0354bb5f9a3ecbe5ed12ab4d8e11ba873c2f11161202b945","requestId":"pause:baton-08c62fd1f846be42ab70d6e0-work:2571"}]]
[m4a 2026-07-24T08:53:22.794Z] steered nudge_turn on pause:baton-08c62fd1f846be42ab70d6e0-work:2571 for grammar-m4a-implementer
[m4a 2026-07-24T08:53:42.803Z] progress 7370s grammar-m4a-implementer=paused[[{"kind":"turn_checkpoint","workerId":"w-1","taskId":"baton-08c62fd1f846be42ab70d6e0-work","turnEpoch":276,"changedPathsDigest":"4f53cda18c2baa0c0354bb5f9a3ecbe5ed12ab4d8e11ba873c2f11161202b945","requestId":"pause:baton-08c62fd1f846be42ab70d6e0-work:2579"}]]
[m4a 2026-07-24T08:53:42.948Z] steered nudge_turn on pause:baton-08c62fd1f846be42ab70d6e0-work:2579 for grammar-m4a-implementer
[m4a 2026-07-24T08:54:02.969Z] progress 7390s grammar-m4a-implementer=paused[[{"kind":"turn_checkpoint","workerId":"w-1","taskId":"baton-08c62fd1f846be42ab70d6e0-work","turnEpoch":277,"changedPathsDigest":"4f53cda18c2baa0c0354bb5f9a3ecbe5ed12ab4d8e11ba873c2f11161202b945","requestId":"pause:baton-08c62fd1f846be42ab70d6e0-work:2587"}]]
[m4a 2026-07-24T08:54:03.131Z] steered nudge_turn on pause:baton-08c62fd1f846be42ab70d6e0-work:2587 for grammar-m4a-implementer
[m4a 2026-07-24T08:54:23.144Z] progress 7411s grammar-m4a-implementer=paused[[{"kind":"turn_checkpoint","workerId":"w-1","taskId":"baton-08c62fd1f846be42ab70d6e0-work","turnEpoch":278,"changedPathsDigest":"4f53cda18c2baa0c0354bb5f9a3ecbe5ed12ab4d8e11ba873c2f11161202b945","requestId":"pause:baton-08c62fd1f846be42ab70d6e0-work:2595"}]]
[m4a 2026-07-24T08:54:23.294Z] steered nudge_turn on pause:baton-08c62fd1f846be42ab70d6e0-work:2595 for grammar-m4a-implementer
[m4a 2026-07-24T08:54:43.305Z] progress 7431s grammar-m4a-implementer=paused[[{"kind":"turn_checkpoint","workerId":"w-1","taskId":"baton-08c62fd1f846be42ab70d6e0-work","turnEpoch":279,"changedPathsDigest":"4f53cda18c2baa0c0354bb5f9a3ecbe5ed12ab4d8e11ba873c2f11161202b945","requestId":"pause:baton-08c62fd1f846be42ab70d6e0-work:2603"}]]
[m4a 2026-07-24T08:54:43.454Z] steered nudge_turn on pause:baton-08c62fd1f846be42ab70d6e0-work:2603 for grammar-m4a-implementer
[m4a 2026-07-24T08:55:03.487Z] progress 7451s grammar-m4a-implementer=paused[[{"kind":"turn_checkpoint","workerId":"w-1","taskId":"baton-08c62fd1f846be42ab70d6e0-work","turnEpoch":280,"changedPathsDigest":"4f53cda18c2baa0c0354bb5f9a3ecbe5ed12ab4d8e11ba873c2f11161202b945","requestId":"pause:baton-08c62fd1f846be42ab70d6e0-work:2611"}]]
[m4a 2026-07-24T08:55:03.650Z] steered nudge_turn on pause:baton-08c62fd1f846be42ab70d6e0-work:2611 for grammar-m4a-implementer
[m4a 2026-07-24T08:55:23.686Z] progress 7471s grammar-m4a-implementer=paused[[{"kind":"turn_checkpoint","workerId":"w-1","taskId":"baton-08c62fd1f846be42ab70d6e0-work","turnEpoch":281,"changedPathsDigest":"4f53cda18c2baa0c0354bb5f9a3ecbe5ed12ab4d8e11ba873c2f11161202b945","requestId":"pause:baton-08c62fd1f846be42ab70d6e0-work:2619"}]]
[m4a 2026-07-24T08:55:23.845Z] steered nudge_turn on pause:baton-08c62fd1f846be42ab70d6e0-work:2619 for grammar-m4a-implementer
[m4a 2026-07-24T08:55:43.867Z] progress 7491s grammar-m4a-implementer=paused[[{"kind":"turn_checkpoint","workerId":"w-1","taskId":"baton-08c62fd1f846be42ab70d6e0-work","turnEpoch":282,"changedPathsDigest":"4f53cda18c2baa0c0354bb5f9a3ecbe5ed12ab4d8e11ba873c2f11161202b945","requestId":"pause:baton-08c62fd1f846be42ab70d6e0-work:2627"}]]
[m4a 2026-07-24T08:55:44.027Z] steered nudge_turn on pause:baton-08c62fd1f846be42ab70d6e0-work:2627 for grammar-m4a-implementer
[m4a 2026-07-24T08:56:04.047Z] progress 7512s grammar-m4a-implementer=paused[[{"kind":"turn_checkpoint","workerId":"w-1","taskId":"baton-08c62fd1f846be42ab70d6e0-work","turnEpoch":283,"changedPathsDigest":"4f53cda18c2baa0c0354bb5f9a3ecbe5ed12ab4d8e11ba873c2f11161202b945","requestId":"pause:baton-08c62fd1f846be42ab70d6e0-work:2635"}]]
[m4a 2026-07-24T08:56:04.210Z] steered nudge_turn on pause:baton-08c62fd1f846be42ab70d6e0-work:2635 for grammar-m4a-implementer
[m4a 2026-07-24T08:56:24.229Z] progress 7532s grammar-m4a-implementer=paused[[{"kind":"turn_checkpoint","workerId":"w-1","taskId":"baton-08c62fd1f846be42ab70d6e0-work","turnEpoch":284,"changedPathsDigest":"4f53cda18c2baa0c0354bb5f9a3ecbe5ed12ab4d8e11ba873c2f11161202b945","requestId":"pause:baton-08c62fd1f846be42ab70d6e0-work:2643"}]]
[m4a 2026-07-24T08:56:24.392Z] steered nudge_turn on pause:baton-08c62fd1f846be42ab70d6e0-work:2643 for grammar-m4a-implementer
[m4a 2026-07-24T08:56:44.403Z] progress 7552s grammar-m4a-implementer=paused[[{"kind":"turn_checkpoint","workerId":"w-1","taskId":"baton-08c62fd1f846be42ab70d6e0-work","turnEpoch":285,"changedPathsDigest":"4f53cda18c2baa0c0354bb5f9a3ecbe5ed12ab4d8e11ba873c2f11161202b945","requestId":"pause:baton-08c62fd1f846be42ab70d6e0-work:2651"}]]
[m4a 2026-07-24T08:56:44.552Z] steered nudge_turn on pause:baton-08c62fd1f846be42ab70d6e0-work:2651 for grammar-m4a-implementer
[m4a 2026-07-24T08:57:04.571Z] progress 7572s grammar-m4a-implementer=paused[[{"kind":"turn_checkpoint","workerId":"w-1","taskId":"baton-08c62fd1f846be42ab70d6e0-work","turnEpoch":286,"changedPathsDigest":"4f53cda18c2baa0c0354bb5f9a3ecbe5ed12ab4d8e11ba873c2f11161202b945","requestId":"pause:baton-08c62fd1f846be42ab70d6e0-work:2659"}]]
[m4a 2026-07-24T08:57:04.764Z] steered nudge_turn on pause:baton-08c62fd1f846be42ab70d6e0-work:2659 for grammar-m4a-implementer
[m4a 2026-07-24T08:57:24.774Z] progress 7592s grammar-m4a-implementer=paused[[{"kind":"turn_checkpoint","workerId":"w-1","taskId":"baton-08c62fd1f846be42ab70d6e0-work","turnEpoch":287,"changedPathsDigest":"4f53cda18c2baa0c0354bb5f9a3ecbe5ed12ab4d8e11ba873c2f11161202b945","requestId":"pause:baton-08c62fd1f846be42ab70d6e0-work:2667"}]]
[m4a 2026-07-24T08:57:24.922Z] steered nudge_turn on pause:baton-08c62fd1f846be42ab70d6e0-work:2667 for grammar-m4a-implementer
[m4a 2026-07-24T08:57:44.937Z] progress 7612s grammar-m4a-implementer=paused[[{"kind":"turn_checkpoint","workerId":"w-1","taskId":"baton-08c62fd1f846be42ab70d6e0-work","turnEpoch":288,"changedPathsDigest":"4f53cda18c2baa0c0354bb5f9a3ecbe5ed12ab4d8e11ba873c2f11161202b945","requestId":"pause:baton-08c62fd1f846be42ab70d6e0-work:2675"}]]
[m4a 2026-07-24T08:57:45.093Z] steered nudge_turn on pause:baton-08c62fd1f846be42ab70d6e0-work:2675 for grammar-m4a-implementer
[m4a 2026-07-24T08:58:05.102Z] progress 7633s grammar-m4a-implementer=paused[[{"kind":"turn_checkpoint","workerId":"w-1","taskId":"baton-08c62fd1f846be42ab70d6e0-work","turnEpoch":289,"changedPathsDigest":"4f53cda18c2baa0c0354bb5f9a3ecbe5ed12ab4d8e11ba873c2f11161202b945","requestId":"pause:baton-08c62fd1f846be42ab70d6e0-work:2683"}]]
[m4a 2026-07-24T08:58:05.249Z] steered nudge_turn on pause:baton-08c62fd1f846be42ab70d6e0-work:2683 for grammar-m4a-implementer
[m4a 2026-07-24T08:58:25.256Z] progress 7653s grammar-m4a-implementer=paused[[{"kind":"turn_checkpoint","workerId":"w-1","taskId":"baton-08c62fd1f846be42ab70d6e0-work","turnEpoch":290,"changedPathsDigest":"4f53cda18c2baa0c0354bb5f9a3ecbe5ed12ab4d8e11ba873c2f11161202b945","requestId":"pause:baton-08c62fd1f846be42ab70d6e0-work:2691"}]]
[m4a 2026-07-24T08:58:25.413Z] steered nudge_turn on pause:baton-08c62fd1f846be42ab70d6e0-work:2691 for grammar-m4a-implementer
[m4a 2026-07-24T08:58:45.423Z] progress 7673s grammar-m4a-implementer=paused[[{"kind":"turn_checkpoint","workerId":"w-1","taskId":"baton-08c62fd1f846be42ab70d6e0-work","turnEpoch":291,"changedPathsDigest":"4f53cda18c2baa0c0354bb5f9a3ecbe5ed12ab4d8e11ba873c2f11161202b945","requestId":"pause:baton-08c62fd1f846be42ab70d6e0-work:2699"}]]
[m4a 2026-07-24T08:58:45.573Z] steered nudge_turn on pause:baton-08c62fd1f846be42ab70d6e0-work:2699 for grammar-m4a-implementer
[m4a 2026-07-24T08:59:05.584Z] progress 7693s grammar-m4a-implementer=paused[[{"kind":"turn_checkpoint","workerId":"w-1","taskId":"baton-08c62fd1f846be42ab70d6e0-work","turnEpoch":292,"changedPathsDigest":"4f53cda18c2baa0c0354bb5f9a3ecbe5ed12ab4d8e11ba873c2f11161202b945","requestId":"pause:baton-08c62fd1f846be42ab70d6e0-work:2707"}]]
[m4a 2026-07-24T08:59:05.733Z] steered nudge_turn on pause:baton-08c62fd1f846be42ab70d6e0-work:2707 for grammar-m4a-implementer
[m4a 2026-07-24T08:59:25.747Z] progress 7713s grammar-m4a-implementer=paused[[{"kind":"turn_checkpoint","workerId":"w-1","taskId":"baton-08c62fd1f846be42ab70d6e0-work","turnEpoch":293,"changedPathsDigest":"4f53cda18c2baa0c0354bb5f9a3ecbe5ed12ab4d8e11ba873c2f11161202b945","requestId":"pause:baton-08c62fd1f846be42ab70d6e0-work:2715"}]]
[m4a 2026-07-24T08:59:25.909Z] steered nudge_turn on pause:baton-08c62fd1f846be42ab70d6e0-work:2715 for grammar-m4a-implementer
[m4a 2026-07-24T08:59:45.925Z] progress 7733s grammar-m4a-implementer=paused[[{"kind":"turn_checkpoint","workerId":"w-1","taskId":"baton-08c62fd1f846be42ab70d6e0-work","turnEpoch":294,"changedPathsDigest":"4f53cda18c2baa0c0354bb5f9a3ecbe5ed12ab4d8e11ba873c2f11161202b945","requestId":"pause:baton-08c62fd1f846be42ab70d6e0-work:2723"}]]
[m4a 2026-07-24T08:59:46.084Z] steered nudge_turn on pause:baton-08c62fd1f846be42ab70d6e0-work:2723 for grammar-m4a-implementer
[m4a 2026-07-24T09:00:06.107Z] progress 7754s grammar-m4a-implementer=paused[[{"kind":"turn_checkpoint","workerId":"w-1","taskId":"baton-08c62fd1f846be42ab70d6e0-work","turnEpoch":295,"changedPathsDigest":"4f53cda18c2baa0c0354bb5f9a3ecbe5ed12ab4d8e11ba873c2f11161202b945","requestId":"pause:baton-08c62fd1f846be42ab70d6e0-work:2731"}]]
[m4a 2026-07-24T09:00:06.288Z] steered nudge_turn on pause:baton-08c62fd1f846be42ab70d6e0-work:2731 for grammar-m4a-implementer
[m4a 2026-07-24T09:00:26.304Z] progress 7774s grammar-m4a-implementer=paused[[{"kind":"turn_checkpoint","workerId":"w-1","taskId":"baton-08c62fd1f846be42ab70d6e0-work","turnEpoch":296,"changedPathsDigest":"4f53cda18c2baa0c0354bb5f9a3ecbe5ed12ab4d8e11ba873c2f11161202b945","requestId":"pause:baton-08c62fd1f846be42ab70d6e0-work:2739"}]]
[m4a 2026-07-24T09:00:26.472Z] steered nudge_turn on pause:baton-08c62fd1f846be42ab70d6e0-work:2739 for grammar-m4a-implementer
[m4a 2026-07-24T09:00:46.480Z] progress 7794s grammar-m4a-implementer=paused[[{"kind":"turn_checkpoint","workerId":"w-1","taskId":"baton-08c62fd1f846be42ab70d6e0-work","turnEpoch":297,"changedPathsDigest":"4f53cda18c2baa0c0354bb5f9a3ecbe5ed12ab4d8e11ba873c2f11161202b945","requestId":"pause:baton-08c62fd1f846be42ab70d6e0-work:2747"}]]
[m4a 2026-07-24T09:00:46.634Z] steered nudge_turn on pause:baton-08c62fd1f846be42ab70d6e0-work:2747 for grammar-m4a-implementer
[m4a 2026-07-24T09:01:06.655Z] progress 7814s grammar-m4a-implementer=paused[[{"kind":"turn_checkpoint","workerId":"w-1","taskId":"baton-08c62fd1f846be42ab70d6e0-work","turnEpoch":298,"changedPathsDigest":"4f53cda18c2baa0c0354bb5f9a3ecbe5ed12ab4d8e11ba873c2f11161202b945","requestId":"pause:baton-08c62fd1f846be42ab70d6e0-work:2755"}]]
[m4a 2026-07-24T09:01:06.870Z] steered nudge_turn on pause:baton-08c62fd1f846be42ab70d6e0-work:2755 for grammar-m4a-implementer
[m4a 2026-07-24T09:01:26.879Z] progress 7834s grammar-m4a-implementer=paused[[{"kind":"turn_checkpoint","workerId":"w-1","taskId":"baton-08c62fd1f846be42ab70d6e0-work","turnEpoch":299,"changedPathsDigest":"4f53cda18c2baa0c0354bb5f9a3ecbe5ed12ab4d8e11ba873c2f11161202b945","requestId":"pause:baton-08c62fd1f846be42ab70d6e0-work:2763"}]]
[m4a 2026-07-24T09:01:27.030Z] steered nudge_turn on pause:baton-08c62fd1f846be42ab70d6e0-work:2763 for grammar-m4a-implementer
[m4a 2026-07-24T09:01:47.041Z] progress 7855s grammar-m4a-implementer=paused[[{"kind":"turn_checkpoint","workerId":"w-1","taskId":"baton-08c62fd1f846be42ab70d6e0-work","turnEpoch":300,"changedPathsDigest":"4f53cda18c2baa0c0354bb5f9a3ecbe5ed12ab4d8e11ba873c2f11161202b945","requestId":"pause:baton-08c62fd1f846be42ab70d6e0-work:2771"}]]
[m4a 2026-07-24T09:01:47.195Z] steered nudge_turn on pause:baton-08c62fd1f846be42ab70d6e0-work:2771 for grammar-m4a-implementer
[m4a 2026-07-24T09:02:07.214Z] progress 7875s grammar-m4a-implementer=paused[[{"kind":"turn_checkpoint","workerId":"w-1","taskId":"baton-08c62fd1f846be42ab70d6e0-work","turnEpoch":301,"changedPathsDigest":"4f53cda18c2baa0c0354bb5f9a3ecbe5ed12ab4d8e11ba873c2f11161202b945","requestId":"pause:baton-08c62fd1f846be42ab70d6e0-work:2779"}]]
[m4a 2026-07-24T09:02:07.387Z] steered nudge_turn on pause:baton-08c62fd1f846be42ab70d6e0-work:2779 for grammar-m4a-implementer
[m4a 2026-07-24T09:02:27.394Z] progress 7895s grammar-m4a-implementer=paused[[{"kind":"turn_checkpoint","workerId":"w-1","taskId":"baton-08c62fd1f846be42ab70d6e0-work","turnEpoch":302,"changedPathsDigest":"4f53cda18c2baa0c0354bb5f9a3ecbe5ed12ab4d8e11ba873c2f11161202b945","requestId":"pause:baton-08c62fd1f846be42ab70d6e0-work:2787"}]]
[m4a 2026-07-24T09:02:27.555Z] steered nudge_turn on pause:baton-08c62fd1f846be42ab70d6e0-work:2787 for grammar-m4a-implementer
[m4a 2026-07-24T09:02:47.565Z] progress 7915s grammar-m4a-implementer=paused[[{"kind":"turn_checkpoint","workerId":"w-1","taskId":"baton-08c62fd1f846be42ab70d6e0-work","turnEpoch":303,"changedPathsDigest":"4f53cda18c2baa0c0354bb5f9a3ecbe5ed12ab4d8e11ba873c2f11161202b945","requestId":"pause:baton-08c62fd1f846be42ab70d6e0-work:2795"}]]
[m4a 2026-07-24T09:02:47.714Z] steered nudge_turn on pause:baton-08c62fd1f846be42ab70d6e0-work:2795 for grammar-m4a-implementer
[m4a 2026-07-24T09:03:07.725Z] progress 7935s grammar-m4a-implementer=paused[[{"kind":"turn_checkpoint","workerId":"w-1","taskId":"baton-08c62fd1f846be42ab70d6e0-work","turnEpoch":304,"changedPathsDigest":"4f53cda18c2baa0c0354bb5f9a3ecbe5ed12ab4d8e11ba873c2f11161202b945","requestId":"pause:baton-08c62fd1f846be42ab70d6e0-work:2803"}]]
[m4a 2026-07-24T09:03:07.879Z] steered nudge_turn on pause:baton-08c62fd1f846be42ab70d6e0-work:2803 for grammar-m4a-implementer
[m4a 2026-07-24T09:03:27.889Z] progress 7955s grammar-m4a-implementer=paused[[{"kind":"turn_checkpoint","workerId":"w-1","taskId":"baton-08c62fd1f846be42ab70d6e0-work","turnEpoch":305,"changedPathsDigest":"4f53cda18c2baa0c0354bb5f9a3ecbe5ed12ab4d8e11ba873c2f11161202b945","requestId":"pause:baton-08c62fd1f846be42ab70d6e0-work:2811"}]]
[m4a 2026-07-24T09:03:28.049Z] steered nudge_turn on pause:baton-08c62fd1f846be42ab70d6e0-work:2811 for grammar-m4a-implementer
[m4a 2026-07-24T09:03:48.065Z] progress 7976s grammar-m4a-implementer=paused[[{"kind":"turn_checkpoint","workerId":"w-1","taskId":"baton-08c62fd1f846be42ab70d6e0-work","turnEpoch":306,"changedPathsDigest":"4f53cda18c2baa0c0354bb5f9a3ecbe5ed12ab4d8e11ba873c2f11161202b945","requestId":"pause:baton-08c62fd1f846be42ab70d6e0-work:2819"}]]
[m4a 2026-07-24T09:03:48.229Z] steered nudge_turn on pause:baton-08c62fd1f846be42ab70d6e0-work:2819 for grammar-m4a-implementer
[m4a 2026-07-24T09:04:08.249Z] progress 7996s grammar-m4a-implementer=paused[[{"kind":"turn_checkpoint","workerId":"w-1","taskId":"baton-08c62fd1f846be42ab70d6e0-work","turnEpoch":307,"changedPathsDigest":"4f53cda18c2baa0c0354bb5f9a3ecbe5ed12ab4d8e11ba873c2f11161202b945","requestId":"pause:baton-08c62fd1f846be42ab70d6e0-work:2827"}]]
[m4a 2026-07-24T09:04:08.416Z] steered nudge_turn on pause:baton-08c62fd1f846be42ab70d6e0-work:2827 for grammar-m4a-implementer
[m4a 2026-07-24T09:04:28.434Z] progress 8016s grammar-m4a-implementer=paused[[{"kind":"turn_checkpoint","workerId":"w-1","taskId":"baton-08c62fd1f846be42ab70d6e0-work","turnEpoch":308,"changedPathsDigest":"4f53cda18c2baa0c0354bb5f9a3ecbe5ed12ab4d8e11ba873c2f11161202b945","requestId":"pause:baton-08c62fd1f846be42ab70d6e0-work:2835"}]]
[m4a 2026-07-24T09:04:28.611Z] steered nudge_turn on pause:baton-08c62fd1f846be42ab70d6e0-work:2835 for grammar-m4a-implementer
[m4a 2026-07-24T09:04:48.622Z] progress 8036s grammar-m4a-implementer=paused[[{"kind":"turn_checkpoint","workerId":"w-1","taskId":"baton-08c62fd1f846be42ab70d6e0-work","turnEpoch":309,"changedPathsDigest":"4f53cda18c2baa0c0354bb5f9a3ecbe5ed12ab4d8e11ba873c2f11161202b945","requestId":"pause:baton-08c62fd1f846be42ab70d6e0-work:2843"}]]
[m4a 2026-07-24T09:04:48.780Z] steered nudge_turn on pause:baton-08c62fd1f846be42ab70d6e0-work:2843 for grammar-m4a-implementer
[m4a 2026-07-24T09:05:08.792Z] progress 8056s grammar-m4a-implementer=paused[[{"kind":"turn_checkpoint","workerId":"w-1","taskId":"baton-08c62fd1f846be42ab70d6e0-work","turnEpoch":310,"changedPathsDigest":"4f53cda18c2baa0c0354bb5f9a3ecbe5ed12ab4d8e11ba873c2f11161202b945","requestId":"pause:baton-08c62fd1f846be42ab70d6e0-work:2851"}]]
[m4a 2026-07-24T09:05:08.952Z] steered nudge_turn on pause:baton-08c62fd1f846be42ab70d6e0-work:2851 for grammar-m4a-implementer
[m4a 2026-07-24T09:05:28.965Z] progress 8076s grammar-m4a-implementer=paused[[{"kind":"turn_checkpoint","workerId":"w-1","taskId":"baton-08c62fd1f846be42ab70d6e0-work","turnEpoch":311,"changedPathsDigest":"4f53cda18c2baa0c0354bb5f9a3ecbe5ed12ab4d8e11ba873c2f11161202b945","requestId":"pause:baton-08c62fd1f846be42ab70d6e0-work:2859"}]]
[m4a 2026-07-24T09:05:29.130Z] steered nudge_turn on pause:baton-08c62fd1f846be42ab70d6e0-work:2859 for grammar-m4a-implementer
[m4a 2026-07-24T09:05:49.144Z] progress 8097s grammar-m4a-implementer=paused[[{"kind":"turn_checkpoint","workerId":"w-1","taskId":"baton-08c62fd1f846be42ab70d6e0-work","turnEpoch":312,"changedPathsDigest":"4f53cda18c2baa0c0354bb5f9a3ecbe5ed12ab4d8e11ba873c2f11161202b945","requestId":"pause:baton-08c62fd1f846be42ab70d6e0-work:2867"}]]
[m4a 2026-07-24T09:05:49.307Z] steered nudge_turn on pause:baton-08c62fd1f846be42ab70d6e0-work:2867 for grammar-m4a-implementer
[m4a 2026-07-24T09:06:09.327Z] progress 8117s grammar-m4a-implementer=paused[[{"kind":"turn_checkpoint","workerId":"w-1","taskId":"baton-08c62fd1f846be42ab70d6e0-work","turnEpoch":313,"changedPathsDigest":"4f53cda18c2baa0c0354bb5f9a3ecbe5ed12ab4d8e11ba873c2f11161202b945","requestId":"pause:baton-08c62fd1f846be42ab70d6e0-work:2875"}]]
[m4a 2026-07-24T09:06:09.498Z] steered nudge_turn on pause:baton-08c62fd1f846be42ab70d6e0-work:2875 for grammar-m4a-implementer
[m4a 2026-07-24T09:06:29.516Z] progress 8137s grammar-m4a-implementer=paused[[{"kind":"turn_checkpoint","workerId":"w-1","taskId":"baton-08c62fd1f846be42ab70d6e0-work","turnEpoch":314,"changedPathsDigest":"4f53cda18c2baa0c0354bb5f9a3ecbe5ed12ab4d8e11ba873c2f11161202b945","requestId":"pause:baton-08c62fd1f846be42ab70d6e0-work:2883"}]]
[m4a 2026-07-24T09:06:29.690Z] steered nudge_turn on pause:baton-08c62fd1f846be42ab70d6e0-work:2883 for grammar-m4a-implementer
[m4a 2026-07-24T09:06:49.698Z] progress 8157s grammar-m4a-implementer=paused[[{"kind":"turn_checkpoint","workerId":"w-1","taskId":"baton-08c62fd1f846be42ab70d6e0-work","turnEpoch":315,"changedPathsDigest":"4f53cda18c2baa0c0354bb5f9a3ecbe5ed12ab4d8e11ba873c2f11161202b945","requestId":"pause:baton-08c62fd1f846be42ab70d6e0-work:2891"}]]
[m4a 2026-07-24T09:06:49.870Z] steered nudge_turn on pause:baton-08c62fd1f846be42ab70d6e0-work:2891 for grammar-m4a-implementer
[m4a 2026-07-24T09:07:09.879Z] progress 8177s grammar-m4a-implementer=paused[[{"kind":"turn_checkpoint","workerId":"w-1","taskId":"baton-08c62fd1f846be42ab70d6e0-work","turnEpoch":316,"changedPathsDigest":"4f53cda18c2baa0c0354bb5f9a3ecbe5ed12ab4d8e11ba873c2f11161202b945","requestId":"pause:baton-08c62fd1f846be42ab70d6e0-work:2899"}]]
[m4a 2026-07-24T09:07:10.036Z] steered nudge_turn on pause:baton-08c62fd1f846be42ab70d6e0-work:2899 for grammar-m4a-implementer
[m4a 2026-07-24T09:07:30.043Z] progress 8198s grammar-m4a-implementer=paused[[{"kind":"turn_checkpoint","workerId":"w-1","taskId":"baton-08c62fd1f846be42ab70d6e0-work","turnEpoch":317,"changedPathsDigest":"4f53cda18c2baa0c0354bb5f9a3ecbe5ed12ab4d8e11ba873c2f11161202b945","requestId":"pause:baton-08c62fd1f846be42ab70d6e0-work:2907"}]]
[m4a 2026-07-24T09:07:30.193Z] steered nudge_turn on pause:baton-08c62fd1f846be42ab70d6e0-work:2907 for grammar-m4a-implementer
[m4a 2026-07-24T09:07:50.202Z] progress 8218s grammar-m4a-implementer=paused[[{"kind":"turn_checkpoint","workerId":"w-1","taskId":"baton-08c62fd1f846be42ab70d6e0-work","turnEpoch":318,"changedPathsDigest":"4f53cda18c2baa0c0354bb5f9a3ecbe5ed12ab4d8e11ba873c2f11161202b945","requestId":"pause:baton-08c62fd1f846be42ab70d6e0-work:2915"}]]
[m4a 2026-07-24T09:07:50.373Z] steered nudge_turn on pause:baton-08c62fd1f846be42ab70d6e0-work:2915 for grammar-m4a-implementer
[m4a 2026-07-24T09:08:10.384Z] progress 8238s grammar-m4a-implementer=paused[[{"kind":"turn_checkpoint","workerId":"w-1","taskId":"baton-08c62fd1f846be42ab70d6e0-work","turnEpoch":319,"changedPathsDigest":"4f53cda18c2baa0c0354bb5f9a3ecbe5ed12ab4d8e11ba873c2f11161202b945","requestId":"pause:baton-08c62fd1f846be42ab70d6e0-work:2923"}]]
[m4a 2026-07-24T09:08:10.545Z] steered nudge_turn on pause:baton-08c62fd1f846be42ab70d6e0-work:2923 for grammar-m4a-implementer
[m4a 2026-07-24T09:08:30.560Z] progress 8258s grammar-m4a-implementer=paused[[{"kind":"turn_checkpoint","workerId":"w-1","taskId":"baton-08c62fd1f846be42ab70d6e0-work","turnEpoch":320,"changedPathsDigest":"4f53cda18c2baa0c0354bb5f9a3ecbe5ed12ab4d8e11ba873c2f11161202b945","requestId":"pause:baton-08c62fd1f846be42ab70d6e0-work:2931"}]]
[m4a 2026-07-24T09:08:30.729Z] steered nudge_turn on pause:baton-08c62fd1f846be42ab70d6e0-work:2931 for grammar-m4a-implementer
[m4a 2026-07-24T09:08:50.741Z] progress 8278s grammar-m4a-implementer=paused[[{"kind":"turn_checkpoint","workerId":"w-1","taskId":"baton-08c62fd1f846be42ab70d6e0-work","turnEpoch":321,"changedPathsDigest":"4f53cda18c2baa0c0354bb5f9a3ecbe5ed12ab4d8e11ba873c2f11161202b945","requestId":"pause:baton-08c62fd1f846be42ab70d6e0-work:2939"}]]
[m4a 2026-07-24T09:08:50.906Z] steered nudge_turn on pause:baton-08c62fd1f846be42ab70d6e0-work:2939 for grammar-m4a-implementer
[m4a 2026-07-24T09:09:10.915Z] progress 8298s grammar-m4a-implementer=paused[[{"kind":"turn_checkpoint","workerId":"w-1","taskId":"baton-08c62fd1f846be42ab70d6e0-work","turnEpoch":322,"changedPathsDigest":"4f53cda18c2baa0c0354bb5f9a3ecbe5ed12ab4d8e11ba873c2f11161202b945","requestId":"pause:baton-08c62fd1f846be42ab70d6e0-work:2947"}]]
[m4a 2026-07-24T09:09:11.068Z] steered nudge_turn on pause:baton-08c62fd1f846be42ab70d6e0-work:2947 for grammar-m4a-implementer
[m4a 2026-07-24T09:09:31.084Z] progress 8319s grammar-m4a-implementer=paused[[{"kind":"turn_checkpoint","workerId":"w-1","taskId":"baton-08c62fd1f846be42ab70d6e0-work","turnEpoch":323,"changedPathsDigest":"4f53cda18c2baa0c0354bb5f9a3ecbe5ed12ab4d8e11ba873c2f11161202b945","requestId":"pause:baton-08c62fd1f846be42ab70d6e0-work:2955"}]]
[m4a 2026-07-24T09:09:31.255Z] steered nudge_turn on pause:baton-08c62fd1f846be42ab70d6e0-work:2955 for grammar-m4a-implementer
[m4a 2026-07-24T09:09:51.271Z] progress 8339s grammar-m4a-implementer=paused[[{"kind":"turn_checkpoint","workerId":"w-1","taskId":"baton-08c62fd1f846be42ab70d6e0-work","turnEpoch":324,"changedPathsDigest":"4f53cda18c2baa0c0354bb5f9a3ecbe5ed12ab4d8e11ba873c2f11161202b945","requestId":"pause:baton-08c62fd1f846be42ab70d6e0-work:2963"}]]
[m4a 2026-07-24T09:09:51.450Z] steered nudge_turn on pause:baton-08c62fd1f846be42ab70d6e0-work:2963 for grammar-m4a-implementer
[m4a 2026-07-24T09:10:11.465Z] progress 8359s grammar-m4a-implementer=paused[[{"kind":"turn_checkpoint","workerId":"w-1","taskId":"baton-08c62fd1f846be42ab70d6e0-work","turnEpoch":325,"changedPathsDigest":"4f53cda18c2baa0c0354bb5f9a3ecbe5ed12ab4d8e11ba873c2f11161202b945","requestId":"pause:baton-08c62fd1f846be42ab70d6e0-work:2971"}]]
[m4a 2026-07-24T09:10:11.635Z] steered nudge_turn on pause:baton-08c62fd1f846be42ab70d6e0-work:2971 for grammar-m4a-implementer
[m4a 2026-07-24T09:10:31.652Z] progress 8379s grammar-m4a-implementer=paused[[{"kind":"turn_checkpoint","workerId":"w-1","taskId":"baton-08c62fd1f846be42ab70d6e0-work","turnEpoch":326,"changedPathsDigest":"4f53cda18c2baa0c0354bb5f9a3ecbe5ed12ab4d8e11ba873c2f11161202b945","requestId":"pause:baton-08c62fd1f846be42ab70d6e0-work:2979"}]]
[m4a 2026-07-24T09:10:31.834Z] steered nudge_turn on pause:baton-08c62fd1f846be42ab70d6e0-work:2979 for grammar-m4a-implementer
[m4a 2026-07-24T09:10:51.849Z] progress 8399s grammar-m4a-implementer=paused[[{"kind":"turn_checkpoint","workerId":"w-1","taskId":"baton-08c62fd1f846be42ab70d6e0-work","turnEpoch":327,"changedPathsDigest":"4f53cda18c2baa0c0354bb5f9a3ecbe5ed12ab4d8e11ba873c2f11161202b945","requestId":"pause:baton-08c62fd1f846be42ab70d6e0-work:2987"}]]
[m4a 2026-07-24T09:10:52.026Z] steered nudge_turn on pause:baton-08c62fd1f846be42ab70d6e0-work:2987 for grammar-m4a-implementer
[m4a 2026-07-24T09:11:12.036Z] progress 8419s grammar-m4a-implementer=paused[[{"kind":"turn_checkpoint","workerId":"w-1","taskId":"baton-08c62fd1f846be42ab70d6e0-work","turnEpoch":328,"changedPathsDigest":"4f53cda18c2baa0c0354bb5f9a3ecbe5ed12ab4d8e11ba873c2f11161202b945","requestId":"pause:baton-08c62fd1f846be42ab70d6e0-work:2995"}]]
[m4a 2026-07-24T09:11:12.203Z] steered nudge_turn on pause:baton-08c62fd1f846be42ab70d6e0-work:2995 for grammar-m4a-implementer
[m4a 2026-07-24T09:11:32.214Z] progress 8440s grammar-m4a-implementer=paused[[{"kind":"turn_checkpoint","workerId":"w-1","taskId":"baton-08c62fd1f846be42ab70d6e0-work","turnEpoch":329,"changedPathsDigest":"4f53cda18c2baa0c0354bb5f9a3ecbe5ed12ab4d8e11ba873c2f11161202b945","requestId":"pause:baton-08c62fd1f846be42ab70d6e0-work:3003"}]]
[m4a 2026-07-24T09:11:32.382Z] steered nudge_turn on pause:baton-08c62fd1f846be42ab70d6e0-work:3003 for grammar-m4a-implementer
[m4a 2026-07-24T09:11:52.394Z] progress 8460s grammar-m4a-implementer=paused[[{"kind":"turn_checkpoint","workerId":"w-1","taskId":"baton-08c62fd1f846be42ab70d6e0-work","turnEpoch":330,"changedPathsDigest":"4f53cda18c2baa0c0354bb5f9a3ecbe5ed12ab4d8e11ba873c2f11161202b945","requestId":"pause:baton-08c62fd1f846be42ab70d6e0-work:3011"}]]
[m4a 2026-07-24T09:11:52.562Z] steered nudge_turn on pause:baton-08c62fd1f846be42ab70d6e0-work:3011 for grammar-m4a-implementer
[m4a 2026-07-24T09:12:12.577Z] progress 8480s grammar-m4a-implementer=paused[[{"kind":"turn_checkpoint","workerId":"w-1","taskId":"baton-08c62fd1f846be42ab70d6e0-work","turnEpoch":331,"changedPathsDigest":"4f53cda18c2baa0c0354bb5f9a3ecbe5ed12ab4d8e11ba873c2f11161202b945","requestId":"pause:baton-08c62fd1f846be42ab70d6e0-work:3019"}]]
[m4a 2026-07-24T09:12:12.746Z] steered nudge_turn on pause:baton-08c62fd1f846be42ab70d6e0-work:3019 for grammar-m4a-implementer
[m4a 2026-07-24T09:12:32.762Z] progress 8500s grammar-m4a-implementer=paused[[{"kind":"turn_checkpoint","workerId":"w-1","taskId":"baton-08c62fd1f846be42ab70d6e0-work","turnEpoch":332,"changedPathsDigest":"4f53cda18c2baa0c0354bb5f9a3ecbe5ed12ab4d8e11ba873c2f11161202b945","requestId":"pause:baton-08c62fd1f846be42ab70d6e0-work:3027"}]]
[m4a 2026-07-24T09:12:32.937Z] steered nudge_turn on pause:baton-08c62fd1f846be42ab70d6e0-work:3027 for grammar-m4a-implementer
[m4a 2026-07-24T09:12:52.944Z] progress 8520s grammar-m4a-implementer=paused[[{"kind":"turn_checkpoint","workerId":"w-1","taskId":"baton-08c62fd1f846be42ab70d6e0-work","turnEpoch":333,"changedPathsDigest":"4f53cda18c2baa0c0354bb5f9a3ecbe5ed12ab4d8e11ba873c2f11161202b945","requestId":"pause:baton-08c62fd1f846be42ab70d6e0-work:3035"}]]
[m4a 2026-07-24T09:12:53.110Z] steered nudge_turn on pause:baton-08c62fd1f846be42ab70d6e0-work:3035 for grammar-m4a-implementer
[m4a 2026-07-24T09:13:13.125Z] progress 8541s grammar-m4a-implementer=paused[[{"kind":"turn_checkpoint","workerId":"w-1","taskId":"baton-08c62fd1f846be42ab70d6e0-work","turnEpoch":334,"changedPathsDigest":"4f53cda18c2baa0c0354bb5f9a3ecbe5ed12ab4d8e11ba873c2f11161202b945","requestId":"pause:baton-08c62fd1f846be42ab70d6e0-work:3043"}]]
[m4a 2026-07-24T09:13:13.302Z] steered nudge_turn on pause:baton-08c62fd1f846be42ab70d6e0-work:3043 for grammar-m4a-implementer
[m4a 2026-07-24T09:13:33.316Z] progress 8561s grammar-m4a-implementer=paused[[{"kind":"turn_checkpoint","workerId":"w-1","taskId":"baton-08c62fd1f846be42ab70d6e0-work","turnEpoch":335,"changedPathsDigest":"4f53cda18c2baa0c0354bb5f9a3ecbe5ed12ab4d8e11ba873c2f11161202b945","requestId":"pause:baton-08c62fd1f846be42ab70d6e0-work:3051"}]]
[m4a 2026-07-24T09:13:33.495Z] steered nudge_turn on pause:baton-08c62fd1f846be42ab70d6e0-work:3051 for grammar-m4a-implementer
[m4a 2026-07-24T09:13:53.512Z] progress 8581s grammar-m4a-implementer=paused[[{"kind":"turn_checkpoint","workerId":"w-1","taskId":"baton-08c62fd1f846be42ab70d6e0-work","turnEpoch":336,"changedPathsDigest":"4f53cda18c2baa0c0354bb5f9a3ecbe5ed12ab4d8e11ba873c2f11161202b945","requestId":"pause:baton-08c62fd1f846be42ab70d6e0-work:3059"}]]
[m4a 2026-07-24T09:13:53.697Z] steered nudge_turn on pause:baton-08c62fd1f846be42ab70d6e0-work:3059 for grammar-m4a-implementer
[m4a 2026-07-24T09:14:13.711Z] progress 8601s grammar-m4a-implementer=paused[[{"kind":"turn_checkpoint","workerId":"w-1","taskId":"baton-08c62fd1f846be42ab70d6e0-work","turnEpoch":337,"changedPathsDigest":"4f53cda18c2baa0c0354bb5f9a3ecbe5ed12ab4d8e11ba873c2f11161202b945","requestId":"pause:baton-08c62fd1f846be42ab70d6e0-work:3067"}]]
[m4a 2026-07-24T09:14:13.890Z] steered nudge_turn on pause:baton-08c62fd1f846be42ab70d6e0-work:3067 for grammar-m4a-implementer
[m4a 2026-07-24T09:14:33.902Z] progress 8621s grammar-m4a-implementer=paused[[{"kind":"turn_checkpoint","workerId":"w-1","taskId":"baton-08c62fd1f846be42ab70d6e0-work","turnEpoch":338,"changedPathsDigest":"4f53cda18c2baa0c0354bb5f9a3ecbe5ed12ab4d8e11ba873c2f11161202b945","requestId":"pause:baton-08c62fd1f846be42ab70d6e0-work:3075"}]]
[m4a 2026-07-24T09:14:34.074Z] steered nudge_turn on pause:baton-08c62fd1f846be42ab70d6e0-work:3075 for grammar-m4a-implementer
[m4a 2026-07-24T09:14:54.082Z] progress 8642s grammar-m4a-implementer=paused[[{"kind":"turn_checkpoint","workerId":"w-1","taskId":"baton-08c62fd1f846be42ab70d6e0-work","turnEpoch":339,"changedPathsDigest":"4f53cda18c2baa0c0354bb5f9a3ecbe5ed12ab4d8e11ba873c2f11161202b945","requestId":"pause:baton-08c62fd1f846be42ab70d6e0-work:3083"}]]
[m4a 2026-07-24T09:14:54.244Z] steered nudge_turn on pause:baton-08c62fd1f846be42ab70d6e0-work:3083 for grammar-m4a-implementer
[m4a 2026-07-24T09:15:14.254Z] progress 8662s grammar-m4a-implementer=paused[[{"kind":"turn_checkpoint","workerId":"w-1","taskId":"baton-08c62fd1f846be42ab70d6e0-work","turnEpoch":340,"changedPathsDigest":"4f53cda18c2baa0c0354bb5f9a3ecbe5ed12ab4d8e11ba873c2f11161202b945","requestId":"pause:baton-08c62fd1f846be42ab70d6e0-work:3091"}]]
[m4a 2026-07-24T09:15:14.424Z] steered nudge_turn on pause:baton-08c62fd1f846be42ab70d6e0-work:3091 for grammar-m4a-implementer
[m4a 2026-07-24T09:15:34.443Z] progress 8682s grammar-m4a-implementer=paused[[{"kind":"turn_checkpoint","workerId":"w-1","taskId":"baton-08c62fd1f846be42ab70d6e0-work","turnEpoch":341,"changedPathsDigest":"4f53cda18c2baa0c0354bb5f9a3ecbe5ed12ab4d8e11ba873c2f11161202b945","requestId":"pause:baton-08c62fd1f846be42ab70d6e0-work:3099"}]]
[m4a 2026-07-24T09:15:34.623Z] steered nudge_turn on pause:baton-08c62fd1f846be42ab70d6e0-work:3099 for grammar-m4a-implementer
[m4a 2026-07-24T09:15:54.639Z] progress 8702s grammar-m4a-implementer=paused[[{"kind":"turn_checkpoint","workerId":"w-1","taskId":"baton-08c62fd1f846be42ab70d6e0-work","turnEpoch":342,"changedPathsDigest":"4f53cda18c2baa0c0354bb5f9a3ecbe5ed12ab4d8e11ba873c2f11161202b945","requestId":"pause:baton-08c62fd1f846be42ab70d6e0-work:3107"}]]
[m4a 2026-07-24T09:15:54.823Z] steered nudge_turn on pause:baton-08c62fd1f846be42ab70d6e0-work:3107 for grammar-m4a-implementer
[m4a 2026-07-24T09:16:14.836Z] progress 8722s grammar-m4a-implementer=paused[[{"kind":"turn_checkpoint","workerId":"w-1","taskId":"baton-08c62fd1f846be42ab70d6e0-work","turnEpoch":343,"changedPathsDigest":"4f53cda18c2baa0c0354bb5f9a3ecbe5ed12ab4d8e11ba873c2f11161202b945","requestId":"pause:baton-08c62fd1f846be42ab70d6e0-work:3115"}]]
[m4a 2026-07-24T09:16:15.014Z] steered nudge_turn on pause:baton-08c62fd1f846be42ab70d6e0-work:3115 for grammar-m4a-implementer
[m4a 2026-07-24T09:16:35.022Z] progress 8742s grammar-m4a-implementer=paused[[{"kind":"turn_checkpoint","workerId":"w-1","taskId":"baton-08c62fd1f846be42ab70d6e0-work","turnEpoch":344,"changedPathsDigest":"4f53cda18c2baa0c0354bb5f9a3ecbe5ed12ab4d8e11ba873c2f11161202b945","requestId":"pause:baton-08c62fd1f846be42ab70d6e0-work:3123"}]]
[m4a 2026-07-24T09:16:35.187Z] steered nudge_turn on pause:baton-08c62fd1f846be42ab70d6e0-work:3123 for grammar-m4a-implementer
[m4a 2026-07-24T09:16:55.196Z] progress 8763s grammar-m4a-implementer=paused[[{"kind":"turn_checkpoint","workerId":"w-1","taskId":"baton-08c62fd1f846be42ab70d6e0-work","turnEpoch":345,"changedPathsDigest":"4f53cda18c2baa0c0354bb5f9a3ecbe5ed12ab4d8e11ba873c2f11161202b945","requestId":"pause:baton-08c62fd1f846be42ab70d6e0-work:3131"}]]
[m4a 2026-07-24T09:16:55.362Z] steered nudge_turn on pause:baton-08c62fd1f846be42ab70d6e0-work:3131 for grammar-m4a-implementer
[m4a 2026-07-24T09:17:15.369Z] progress 8783s grammar-m4a-implementer=paused[[{"kind":"turn_checkpoint","workerId":"w-1","taskId":"baton-08c62fd1f846be42ab70d6e0-work","turnEpoch":346,"changedPathsDigest":"4f53cda18c2baa0c0354bb5f9a3ecbe5ed12ab4d8e11ba873c2f11161202b945","requestId":"pause:baton-08c62fd1f846be42ab70d6e0-work:3139"}]]
[m4a 2026-07-24T09:17:15.535Z] steered nudge_turn on pause:baton-08c62fd1f846be42ab70d6e0-work:3139 for grammar-m4a-implementer
[m4a 2026-07-24T09:17:35.543Z] progress 8803s grammar-m4a-implementer=paused[[{"kind":"turn_checkpoint","workerId":"w-1","taskId":"baton-08c62fd1f846be42ab70d6e0-work","turnEpoch":347,"changedPathsDigest":"4f53cda18c2baa0c0354bb5f9a3ecbe5ed12ab4d8e11ba873c2f11161202b945","requestId":"pause:baton-08c62fd1f846be42ab70d6e0-work:3147"}]]
[m4a 2026-07-24T09:17:35.708Z] steered nudge_turn on pause:baton-08c62fd1f846be42ab70d6e0-work:3147 for grammar-m4a-implementer
[m4a 2026-07-24T09:17:55.717Z] progress 8823s grammar-m4a-implementer=paused[[{"kind":"turn_checkpoint","workerId":"w-1","taskId":"baton-08c62fd1f846be42ab70d6e0-work","turnEpoch":348,"changedPathsDigest":"4f53cda18c2baa0c0354bb5f9a3ecbe5ed12ab4d8e11ba873c2f11161202b945","requestId":"pause:baton-08c62fd1f846be42ab70d6e0-work:3155"}]]
[m4a 2026-07-24T09:17:55.895Z] steered nudge_turn on pause:baton-08c62fd1f846be42ab70d6e0-work:3155 for grammar-m4a-implementer
[m4a 2026-07-24T09:18:15.903Z] progress 8843s grammar-m4a-implementer=paused[[{"kind":"turn_checkpoint","workerId":"w-1","taskId":"baton-08c62fd1f846be42ab70d6e0-work","turnEpoch":349,"changedPathsDigest":"4f53cda18c2baa0c0354bb5f9a3ecbe5ed12ab4d8e11ba873c2f11161202b945","requestId":"pause:baton-08c62fd1f846be42ab70d6e0-work:3163"}]]
[m4a 2026-07-24T09:18:16.072Z] steered nudge_turn on pause:baton-08c62fd1f846be42ab70d6e0-work:3163 for grammar-m4a-implementer
[m4a 2026-07-24T09:18:36.083Z] progress 8864s grammar-m4a-implementer=paused[[{"kind":"turn_checkpoint","workerId":"w-1","taskId":"baton-08c62fd1f846be42ab70d6e0-work","turnEpoch":350,"changedPathsDigest":"4f53cda18c2baa0c0354bb5f9a3ecbe5ed12ab4d8e11ba873c2f11161202b945","requestId":"pause:baton-08c62fd1f846be42ab70d6e0-work:3171"}]]
[m4a 2026-07-24T09:18:36.250Z] steered nudge_turn on pause:baton-08c62fd1f846be42ab70d6e0-work:3171 for grammar-m4a-implementer
[m4a 2026-07-24T09:18:56.257Z] progress 8884s grammar-m4a-implementer=paused[[{"kind":"turn_checkpoint","workerId":"w-1","taskId":"baton-08c62fd1f846be42ab70d6e0-work","turnEpoch":351,"changedPathsDigest":"4f53cda18c2baa0c0354bb5f9a3ecbe5ed12ab4d8e11ba873c2f11161202b945","requestId":"pause:baton-08c62fd1f846be42ab70d6e0-work:3179"}]]
[m4a 2026-07-24T09:18:56.420Z] steered nudge_turn on pause:baton-08c62fd1f846be42ab70d6e0-work:3179 for grammar-m4a-implementer
[m4a 2026-07-24T09:19:16.428Z] progress 8904s grammar-m4a-implementer=paused[[{"kind":"turn_checkpoint","workerId":"w-1","taskId":"baton-08c62fd1f846be42ab70d6e0-work","turnEpoch":352,"changedPathsDigest":"4f53cda18c2baa0c0354bb5f9a3ecbe5ed12ab4d8e11ba873c2f11161202b945","requestId":"pause:baton-08c62fd1f846be42ab70d6e0-work:3187"}]]
[m4a 2026-07-24T09:19:16.594Z] steered nudge_turn on pause:baton-08c62fd1f846be42ab70d6e0-work:3187 for grammar-m4a-implementer
[m4a 2026-07-24T09:19:36.604Z] progress 8924s grammar-m4a-implementer=paused[[{"kind":"turn_checkpoint","workerId":"w-1","taskId":"baton-08c62fd1f846be42ab70d6e0-work","turnEpoch":353,"changedPathsDigest":"4f53cda18c2baa0c0354bb5f9a3ecbe5ed12ab4d8e11ba873c2f11161202b945","requestId":"pause:baton-08c62fd1f846be42ab70d6e0-work:3195"}]]
[m4a 2026-07-24T09:19:36.771Z] steered nudge_turn on pause:baton-08c62fd1f846be42ab70d6e0-work:3195 for grammar-m4a-implementer
[m4a 2026-07-24T09:19:56.782Z] progress 8944s grammar-m4a-implementer=paused[[{"kind":"turn_checkpoint","workerId":"w-1","taskId":"baton-08c62fd1f846be42ab70d6e0-work","turnEpoch":354,"changedPathsDigest":"4f53cda18c2baa0c0354bb5f9a3ecbe5ed12ab4d8e11ba873c2f11161202b945","requestId":"pause:baton-08c62fd1f846be42ab70d6e0-work:3203"}]]
[m4a 2026-07-24T09:19:56.952Z] steered nudge_turn on pause:baton-08c62fd1f846be42ab70d6e0-work:3203 for grammar-m4a-implementer
[m4a 2026-07-24T09:20:16.965Z] progress 8964s grammar-m4a-implementer=paused[[{"kind":"turn_checkpoint","workerId":"w-1","taskId":"baton-08c62fd1f846be42ab70d6e0-work","turnEpoch":355,"changedPathsDigest":"4f53cda18c2baa0c0354bb5f9a3ecbe5ed12ab4d8e11ba873c2f11161202b945","requestId":"pause:baton-08c62fd1f846be42ab70d6e0-work:3211"}]]
[m4a 2026-07-24T09:20:17.145Z] steered nudge_turn on pause:baton-08c62fd1f846be42ab70d6e0-work:3211 for grammar-m4a-implementer
[m4a 2026-07-24T09:20:37.156Z] progress 8985s grammar-m4a-implementer=paused[[{"kind":"turn_checkpoint","workerId":"w-1","taskId":"baton-08c62fd1f846be42ab70d6e0-work","turnEpoch":356,"changedPathsDigest":"4f53cda18c2baa0c0354bb5f9a3ecbe5ed12ab4d8e11ba873c2f11161202b945","requestId":"pause:baton-08c62fd1f846be42ab70d6e0-work:3219"}]]
[m4a 2026-07-24T09:20:37.328Z] steered nudge_turn on pause:baton-08c62fd1f846be42ab70d6e0-work:3219 for grammar-m4a-implementer
[m4a 2026-07-24T09:20:57.337Z] progress 9005s grammar-m4a-implementer=paused[[{"kind":"turn_checkpoint","workerId":"w-1","taskId":"baton-08c62fd1f846be42ab70d6e0-work","turnEpoch":357,"changedPathsDigest":"4f53cda18c2baa0c0354bb5f9a3ecbe5ed12ab4d8e11ba873c2f11161202b945","requestId":"pause:baton-08c62fd1f846be42ab70d6e0-work:3227"}]]
[m4a 2026-07-24T09:20:57.506Z] steered nudge_turn on pause:baton-08c62fd1f846be42ab70d6e0-work:3227 for grammar-m4a-implementer
[m4a 2026-07-24T09:21:17.515Z] progress 9025s grammar-m4a-implementer=paused[[{"kind":"turn_checkpoint","workerId":"w-1","taskId":"baton-08c62fd1f846be42ab70d6e0-work","turnEpoch":358,"changedPathsDigest":"4f53cda18c2baa0c0354bb5f9a3ecbe5ed12ab4d8e11ba873c2f11161202b945","requestId":"pause:baton-08c62fd1f846be42ab70d6e0-work:3235"}]]
[m4a 2026-07-24T09:21:17.688Z] steered nudge_turn on pause:baton-08c62fd1f846be42ab70d6e0-work:3235 for grammar-m4a-implementer
[m4a 2026-07-24T09:21:37.698Z] progress 9045s grammar-m4a-implementer=paused[[{"kind":"turn_checkpoint","workerId":"w-1","taskId":"baton-08c62fd1f846be42ab70d6e0-work","turnEpoch":359,"changedPathsDigest":"4f53cda18c2baa0c0354bb5f9a3ecbe5ed12ab4d8e11ba873c2f11161202b945","requestId":"pause:baton-08c62fd1f846be42ab70d6e0-work:3243"}]]
[m4a 2026-07-24T09:21:37.869Z] steered nudge_turn on pause:baton-08c62fd1f846be42ab70d6e0-work:3243 for grammar-m4a-implementer
[m4a 2026-07-24T09:21:57.879Z] progress 9065s grammar-m4a-implementer=paused[[{"kind":"turn_checkpoint","workerId":"w-1","taskId":"baton-08c62fd1f846be42ab70d6e0-work","turnEpoch":360,"changedPathsDigest":"4f53cda18c2baa0c0354bb5f9a3ecbe5ed12ab4d8e11ba873c2f11161202b945","requestId":"pause:baton-08c62fd1f846be42ab70d6e0-work:3251"}]]
[m4a 2026-07-24T09:21:58.047Z] steered nudge_turn on pause:baton-08c62fd1f846be42ab70d6e0-work:3251 for grammar-m4a-implementer
[m4a 2026-07-24T09:22:18.060Z] progress 9086s grammar-m4a-implementer=paused[[{"kind":"turn_checkpoint","workerId":"w-1","taskId":"baton-08c62fd1f846be42ab70d6e0-work","turnEpoch":361,"changedPathsDigest":"4f53cda18c2baa0c0354bb5f9a3ecbe5ed12ab4d8e11ba873c2f11161202b945","requestId":"pause:baton-08c62fd1f846be42ab70d6e0-work:3259"}]]
[m4a 2026-07-24T09:22:18.237Z] steered nudge_turn on pause:baton-08c62fd1f846be42ab70d6e0-work:3259 for grammar-m4a-implementer
[m4a 2026-07-24T09:22:38.246Z] progress 9106s grammar-m4a-implementer=paused[[{"kind":"turn_checkpoint","workerId":"w-1","taskId":"baton-08c62fd1f846be42ab70d6e0-work","turnEpoch":362,"changedPathsDigest":"4f53cda18c2baa0c0354bb5f9a3ecbe5ed12ab4d8e11ba873c2f11161202b945","requestId":"pause:baton-08c62fd1f846be42ab70d6e0-work:3267"}]]
[m4a 2026-07-24T09:22:38.420Z] steered nudge_turn on pause:baton-08c62fd1f846be42ab70d6e0-work:3267 for grammar-m4a-implementer
[m4a 2026-07-24T09:22:58.430Z] progress 9126s grammar-m4a-implementer=paused[[{"kind":"turn_checkpoint","workerId":"w-1","taskId":"baton-08c62fd1f846be42ab70d6e0-work","turnEpoch":363,"changedPathsDigest":"4f53cda18c2baa0c0354bb5f9a3ecbe5ed12ab4d8e11ba873c2f11161202b945","requestId":"pause:baton-08c62fd1f846be42ab70d6e0-work:3275"}]]
[m4a 2026-07-24T09:22:58.606Z] steered nudge_turn on pause:baton-08c62fd1f846be42ab70d6e0-work:3275 for grammar-m4a-implementer
[m4a 2026-07-24T09:23:18.616Z] progress 9146s grammar-m4a-implementer=paused[[{"kind":"turn_checkpoint","workerId":"w-1","taskId":"baton-08c62fd1f846be42ab70d6e0-work","turnEpoch":364,"changedPathsDigest":"4f53cda18c2baa0c0354bb5f9a3ecbe5ed12ab4d8e11ba873c2f11161202b945","requestId":"pause:baton-08c62fd1f846be42ab70d6e0-work:3283"}]]
[m4a 2026-07-24T09:23:18.787Z] steered nudge_turn on pause:baton-08c62fd1f846be42ab70d6e0-work:3283 for grammar-m4a-implementer
[m4a 2026-07-24T09:23:38.798Z] progress 9166s grammar-m4a-implementer=paused[[{"kind":"turn_checkpoint","workerId":"w-1","taskId":"baton-08c62fd1f846be42ab70d6e0-work","turnEpoch":365,"changedPathsDigest":"4f53cda18c2baa0c0354bb5f9a3ecbe5ed12ab4d8e11ba873c2f11161202b945","requestId":"pause:baton-08c62fd1f846be42ab70d6e0-work:3291"}]]
[m4a 2026-07-24T09:23:38.971Z] steered nudge_turn on pause:baton-08c62fd1f846be42ab70d6e0-work:3291 for grammar-m4a-implementer
[m4a 2026-07-24T09:23:58.984Z] progress 9186s grammar-m4a-implementer=paused[[{"kind":"turn_checkpoint","workerId":"w-1","taskId":"baton-08c62fd1f846be42ab70d6e0-work","turnEpoch":366,"changedPathsDigest":"4f53cda18c2baa0c0354bb5f9a3ecbe5ed12ab4d8e11ba873c2f11161202b945","requestId":"pause:baton-08c62fd1f846be42ab70d6e0-work:3299"}]]
[m4a 2026-07-24T09:23:59.165Z] steered nudge_turn on pause:baton-08c62fd1f846be42ab70d6e0-work:3299 for grammar-m4a-implementer
[m4a 2026-07-24T09:24:19.179Z] progress 9207s grammar-m4a-implementer=paused[[{"kind":"turn_checkpoint","workerId":"w-1","taskId":"baton-08c62fd1f846be42ab70d6e0-work","turnEpoch":367,"changedPathsDigest":"4f53cda18c2baa0c0354bb5f9a3ecbe5ed12ab4d8e11ba873c2f11161202b945","requestId":"pause:baton-08c62fd1f846be42ab70d6e0-work:3307"}]]
[m4a 2026-07-24T09:24:19.375Z] steered nudge_turn on pause:baton-08c62fd1f846be42ab70d6e0-work:3307 for grammar-m4a-implementer
[m4a 2026-07-24T09:24:39.384Z] progress 9227s grammar-m4a-implementer=paused[[{"kind":"turn_checkpoint","workerId":"w-1","taskId":"baton-08c62fd1f846be42ab70d6e0-work","turnEpoch":368,"changedPathsDigest":"4f53cda18c2baa0c0354bb5f9a3ecbe5ed12ab4d8e11ba873c2f11161202b945","requestId":"pause:baton-08c62fd1f846be42ab70d6e0-work:3315"}]]
[m4a 2026-07-24T09:24:39.555Z] steered nudge_turn on pause:baton-08c62fd1f846be42ab70d6e0-work:3315 for grammar-m4a-implementer
[m4a 2026-07-24T09:24:59.562Z] progress 9247s grammar-m4a-implementer=paused[[{"kind":"turn_checkpoint","workerId":"w-1","taskId":"baton-08c62fd1f846be42ab70d6e0-work","turnEpoch":369,"changedPathsDigest":"4f53cda18c2baa0c0354bb5f9a3ecbe5ed12ab4d8e11ba873c2f11161202b945","requestId":"pause:baton-08c62fd1f846be42ab70d6e0-work:3323"}]]
[m4a 2026-07-24T09:24:59.732Z] steered nudge_turn on pause:baton-08c62fd1f846be42ab70d6e0-work:3323 for grammar-m4a-implementer
[m4a 2026-07-24T09:25:19.739Z] progress 9267s grammar-m4a-implementer=paused[[{"kind":"turn_checkpoint","workerId":"w-1","taskId":"baton-08c62fd1f846be42ab70d6e0-work","turnEpoch":370,"changedPathsDigest":"4f53cda18c2baa0c0354bb5f9a3ecbe5ed12ab4d8e11ba873c2f11161202b945","requestId":"pause:baton-08c62fd1f846be42ab70d6e0-work:3331"}]]
[m4a 2026-07-24T09:25:19.908Z] steered nudge_turn on pause:baton-08c62fd1f846be42ab70d6e0-work:3331 for grammar-m4a-implementer
[m4a 2026-07-24T09:25:39.910Z] progress 9287s grammar-m4a-implementer=paused[[{"kind":"turn_checkpoint","workerId":"w-1","taskId":"baton-08c62fd1f846be42ab70d6e0-work","turnEpoch":371,"changedPathsDigest":"4f53cda18c2baa0c0354bb5f9a3ecbe5ed12ab4d8e11ba873c2f11161202b945","requestId":"pause:baton-08c62fd1f846be42ab70d6e0-work:3339"}]]
[m4a 2026-07-24T09:25:40.079Z] steered nudge_turn on pause:baton-08c62fd1f846be42ab70d6e0-work:3339 for grammar-m4a-implementer
[m4a 2026-07-24T09:26:00.086Z] progress 9308s grammar-m4a-implementer=paused[[{"kind":"turn_checkpoint","workerId":"w-1","taskId":"baton-08c62fd1f846be42ab70d6e0-work","turnEpoch":372,"changedPathsDigest":"4f53cda18c2baa0c0354bb5f9a3ecbe5ed12ab4d8e11ba873c2f11161202b945","requestId":"pause:baton-08c62fd1f846be42ab70d6e0-work:3347"}]]
[m4a 2026-07-24T09:26:00.257Z] steered nudge_turn on pause:baton-08c62fd1f846be42ab70d6e0-work:3347 for grammar-m4a-implementer
[m4a 2026-07-24T09:26:20.264Z] progress 9328s grammar-m4a-implementer=paused[[{"kind":"turn_checkpoint","workerId":"w-1","taskId":"baton-08c62fd1f846be42ab70d6e0-work","turnEpoch":373,"changedPathsDigest":"4f53cda18c2baa0c0354bb5f9a3ecbe5ed12ab4d8e11ba873c2f11161202b945","requestId":"pause:baton-08c62fd1f846be42ab70d6e0-work:3355"}]]
[m4a 2026-07-24T09:26:20.445Z] steered nudge_turn on pause:baton-08c62fd1f846be42ab70d6e0-work:3355 for grammar-m4a-implementer
[m4a 2026-07-24T09:26:40.453Z] progress 9348s grammar-m4a-implementer=paused[[{"kind":"turn_checkpoint","workerId":"w-1","taskId":"baton-08c62fd1f846be42ab70d6e0-work","turnEpoch":374,"changedPathsDigest":"4f53cda18c2baa0c0354bb5f9a3ecbe5ed12ab4d8e11ba873c2f11161202b945","requestId":"pause:baton-08c62fd1f846be42ab70d6e0-work:3363"}]]
[m4a 2026-07-24T09:26:40.621Z] steered nudge_turn on pause:baton-08c62fd1f846be42ab70d6e0-work:3363 for grammar-m4a-implementer
[m4a 2026-07-24T09:27:00.632Z] progress 9368s grammar-m4a-implementer=paused[[{"kind":"turn_checkpoint","workerId":"w-1","taskId":"baton-08c62fd1f846be42ab70d6e0-work","turnEpoch":375,"changedPathsDigest":"4f53cda18c2baa0c0354bb5f9a3ecbe5ed12ab4d8e11ba873c2f11161202b945","requestId":"pause:baton-08c62fd1f846be42ab70d6e0-work:3371"}]]
[m4a 2026-07-24T09:27:00.826Z] steered nudge_turn on pause:baton-08c62fd1f846be42ab70d6e0-work:3371 for grammar-m4a-implementer
[m4a 2026-07-24T09:27:20.837Z] progress 9388s grammar-m4a-implementer=paused[[{"kind":"turn_checkpoint","workerId":"w-1","taskId":"baton-08c62fd1f846be42ab70d6e0-work","turnEpoch":376,"changedPathsDigest":"4f53cda18c2baa0c0354bb5f9a3ecbe5ed12ab4d8e11ba873c2f11161202b945","requestId":"pause:baton-08c62fd1f846be42ab70d6e0-work:3379"}]]
[m4a 2026-07-24T09:27:21.013Z] steered nudge_turn on pause:baton-08c62fd1f846be42ab70d6e0-work:3379 for grammar-m4a-implementer
[m4a 2026-07-24T09:27:41.024Z] progress 9408s grammar-m4a-implementer=paused[[{"kind":"turn_checkpoint","workerId":"w-1","taskId":"baton-08c62fd1f846be42ab70d6e0-work","turnEpoch":377,"changedPathsDigest":"4f53cda18c2baa0c0354bb5f9a3ecbe5ed12ab4d8e11ba873c2f11161202b945","requestId":"pause:baton-08c62fd1f846be42ab70d6e0-work:3387"}]]
[m4a 2026-07-24T09:27:41.202Z] steered nudge_turn on pause:baton-08c62fd1f846be42ab70d6e0-work:3387 for grammar-m4a-implementer
[m4a 2026-07-24T09:28:01.213Z] progress 9429s grammar-m4a-implementer=paused[[{"kind":"turn_checkpoint","workerId":"w-1","taskId":"baton-08c62fd1f846be42ab70d6e0-work","turnEpoch":378,"changedPathsDigest":"4f53cda18c2baa0c0354bb5f9a3ecbe5ed12ab4d8e11ba873c2f11161202b945","requestId":"pause:baton-08c62fd1f846be42ab70d6e0-work:3395"}]]
[m4a 2026-07-24T09:28:01.388Z] steered nudge_turn on pause:baton-08c62fd1f846be42ab70d6e0-work:3395 for grammar-m4a-implementer
[m4a 2026-07-24T09:28:21.399Z] progress 9449s grammar-m4a-implementer=paused[[{"kind":"turn_checkpoint","workerId":"w-1","taskId":"baton-08c62fd1f846be42ab70d6e0-work","turnEpoch":379,"changedPathsDigest":"4f53cda18c2baa0c0354bb5f9a3ecbe5ed12ab4d8e11ba873c2f11161202b945","requestId":"pause:baton-08c62fd1f846be42ab70d6e0-work:3403"}]]
[m4a 2026-07-24T09:28:21.583Z] steered nudge_turn on pause:baton-08c62fd1f846be42ab70d6e0-work:3403 for grammar-m4a-implementer
[m4a 2026-07-24T09:28:41.590Z] progress 9469s grammar-m4a-implementer=paused[[{"kind":"turn_checkpoint","workerId":"w-1","taskId":"baton-08c62fd1f846be42ab70d6e0-work","turnEpoch":380,"changedPathsDigest":"4f53cda18c2baa0c0354bb5f9a3ecbe5ed12ab4d8e11ba873c2f11161202b945","requestId":"pause:baton-08c62fd1f846be42ab70d6e0-work:3411"}]]
[m4a 2026-07-24T09:28:41.763Z] steered nudge_turn on pause:baton-08c62fd1f846be42ab70d6e0-work:3411 for grammar-m4a-implementer
[m4a 2026-07-24T09:29:01.774Z] progress 9489s grammar-m4a-implementer=paused[[{"kind":"turn_checkpoint","workerId":"w-1","taskId":"baton-08c62fd1f846be42ab70d6e0-work","turnEpoch":381,"changedPathsDigest":"4f53cda18c2baa0c0354bb5f9a3ecbe5ed12ab4d8e11ba873c2f11161202b945","requestId":"pause:baton-08c62fd1f846be42ab70d6e0-work:3419"}]]
[m4a 2026-07-24T09:29:01.953Z] steered nudge_turn on pause:baton-08c62fd1f846be42ab70d6e0-work:3419 for grammar-m4a-implementer
[m4a 2026-07-24T09:29:21.967Z] progress 9509s grammar-m4a-implementer=paused[[{"kind":"turn_checkpoint","workerId":"w-1","taskId":"baton-08c62fd1f846be42ab70d6e0-work","turnEpoch":382,"changedPathsDigest":"4f53cda18c2baa0c0354bb5f9a3ecbe5ed12ab4d8e11ba873c2f11161202b945","requestId":"pause:baton-08c62fd1f846be42ab70d6e0-work:3427"}]]
[m4a 2026-07-24T09:29:22.150Z] steered nudge_turn on pause:baton-08c62fd1f846be42ab70d6e0-work:3427 for grammar-m4a-implementer
[m4a 2026-07-24T09:29:42.166Z] progress 9530s grammar-m4a-implementer=paused[[{"kind":"turn_checkpoint","workerId":"w-1","taskId":"baton-08c62fd1f846be42ab70d6e0-work","turnEpoch":383,"changedPathsDigest":"4f53cda18c2baa0c0354bb5f9a3ecbe5ed12ab4d8e11ba873c2f11161202b945","requestId":"pause:baton-08c62fd1f846be42ab70d6e0-work:3435"}]]
[m4a 2026-07-24T09:29:42.350Z] steered nudge_turn on pause:baton-08c62fd1f846be42ab70d6e0-work:3435 for grammar-m4a-implementer
[m4a 2026-07-24T09:30:02.368Z] progress 9550s grammar-m4a-implementer=paused[[{"kind":"turn_checkpoint","workerId":"w-1","taskId":"baton-08c62fd1f846be42ab70d6e0-work","turnEpoch":384,"changedPathsDigest":"4f53cda18c2baa0c0354bb5f9a3ecbe5ed12ab4d8e11ba873c2f11161202b945","requestId":"pause:baton-08c62fd1f846be42ab70d6e0-work:3443"}]]
[m4a 2026-07-24T09:30:02.559Z] steered nudge_turn on pause:baton-08c62fd1f846be42ab70d6e0-work:3443 for grammar-m4a-implementer
[m4a 2026-07-24T09:30:22.578Z] progress 9570s grammar-m4a-implementer=paused[[{"kind":"turn_checkpoint","workerId":"w-1","taskId":"baton-08c62fd1f846be42ab70d6e0-work","turnEpoch":385,"changedPathsDigest":"4f53cda18c2baa0c0354bb5f9a3ecbe5ed12ab4d8e11ba873c2f11161202b945","requestId":"pause:baton-08c62fd1f846be42ab70d6e0-work:3451"}]]
[m4a 2026-07-24T09:30:22.794Z] steered nudge_turn on pause:baton-08c62fd1f846be42ab70d6e0-work:3451 for grammar-m4a-implementer
[m4a 2026-07-24T09:30:42.815Z] progress 9590s grammar-m4a-implementer=paused[[{"kind":"turn_checkpoint","workerId":"w-1","taskId":"baton-08c62fd1f846be42ab70d6e0-work","turnEpoch":386,"changedPathsDigest":"4f53cda18c2baa0c0354bb5f9a3ecbe5ed12ab4d8e11ba873c2f11161202b945","requestId":"pause:baton-08c62fd1f846be42ab70d6e0-work:3459"}]]
[m4a 2026-07-24T09:30:43.011Z] steered nudge_turn on pause:baton-08c62fd1f846be42ab70d6e0-work:3459 for grammar-m4a-implementer
[m4a 2026-07-24T09:31:03.030Z] progress 9610s grammar-m4a-implementer=paused[[{"kind":"turn_checkpoint","workerId":"w-1","taskId":"baton-08c62fd1f846be42ab70d6e0-work","turnEpoch":387,"changedPathsDigest":"4f53cda18c2baa0c0354bb5f9a3ecbe5ed12ab4d8e11ba873c2f11161202b945","requestId":"pause:baton-08c62fd1f846be42ab70d6e0-work:3467"}]]
[m4a 2026-07-24T09:31:03.216Z] steered nudge_turn on pause:baton-08c62fd1f846be42ab70d6e0-work:3467 for grammar-m4a-implementer
[m4a 2026-07-24T09:31:23.239Z] progress 9631s grammar-m4a-implementer=paused[[{"kind":"turn_checkpoint","workerId":"w-1","taskId":"baton-08c62fd1f846be42ab70d6e0-work","turnEpoch":388,"changedPathsDigest":"4f53cda18c2baa0c0354bb5f9a3ecbe5ed12ab4d8e11ba873c2f11161202b945","requestId":"pause:baton-08c62fd1f846be42ab70d6e0-work:3475"}]]
[m4a 2026-07-24T09:31:23.434Z] steered nudge_turn on pause:baton-08c62fd1f846be42ab70d6e0-work:3475 for grammar-m4a-implementer
[m4a 2026-07-24T09:31:43.457Z] progress 9651s grammar-m4a-implementer=paused[[{"kind":"turn_checkpoint","workerId":"w-1","taskId":"baton-08c62fd1f846be42ab70d6e0-work","turnEpoch":389,"changedPathsDigest":"4f53cda18c2baa0c0354bb5f9a3ecbe5ed12ab4d8e11ba873c2f11161202b945","requestId":"pause:baton-08c62fd1f846be42ab70d6e0-work:3483"}]]
[m4a 2026-07-24T09:31:43.656Z] steered nudge_turn on pause:baton-08c62fd1f846be42ab70d6e0-work:3483 for grammar-m4a-implementer
[m4a 2026-07-24T09:32:03.674Z] progress 9671s grammar-m4a-implementer=paused[[{"kind":"turn_checkpoint","workerId":"w-1","taskId":"baton-08c62fd1f846be42ab70d6e0-work","turnEpoch":390,"changedPathsDigest":"4f53cda18c2baa0c0354bb5f9a3ecbe5ed12ab4d8e11ba873c2f11161202b945","requestId":"pause:baton-08c62fd1f846be42ab70d6e0-work:3491"}]]
[m4a 2026-07-24T09:32:03.868Z] steered nudge_turn on pause:baton-08c62fd1f846be42ab70d6e0-work:3491 for grammar-m4a-implementer
[m4a 2026-07-24T09:32:23.881Z] progress 9691s grammar-m4a-implementer=paused[[{"kind":"turn_checkpoint","workerId":"w-1","taskId":"baton-08c62fd1f846be42ab70d6e0-work","turnEpoch":391,"changedPathsDigest":"4f53cda18c2baa0c0354bb5f9a3ecbe5ed12ab4d8e11ba873c2f11161202b945","requestId":"pause:baton-08c62fd1f846be42ab70d6e0-work:3499"}]]
[m4a 2026-07-24T09:32:24.068Z] steered nudge_turn on pause:baton-08c62fd1f846be42ab70d6e0-work:3499 for grammar-m4a-implementer
[m4a 2026-07-24T09:32:44.090Z] progress 9712s grammar-m4a-implementer=paused[[{"kind":"turn_checkpoint","workerId":"w-1","taskId":"baton-08c62fd1f846be42ab70d6e0-work","turnEpoch":392,"changedPathsDigest":"4f53cda18c2baa0c0354bb5f9a3ecbe5ed12ab4d8e11ba873c2f11161202b945","requestId":"pause:baton-08c62fd1f846be42ab70d6e0-work:3507"}]]
[m4a 2026-07-24T09:32:44.284Z] steered nudge_turn on pause:baton-08c62fd1f846be42ab70d6e0-work:3507 for grammar-m4a-implementer
[m4a 2026-07-24T09:33:04.307Z] progress 9732s grammar-m4a-implementer=paused[[{"kind":"turn_checkpoint","workerId":"w-1","taskId":"baton-08c62fd1f846be42ab70d6e0-work","turnEpoch":393,"changedPathsDigest":"4f53cda18c2baa0c0354bb5f9a3ecbe5ed12ab4d8e11ba873c2f11161202b945","requestId":"pause:baton-08c62fd1f846be42ab70d6e0-work:3515"}]]
[m4a 2026-07-24T09:33:04.503Z] steered nudge_turn on pause:baton-08c62fd1f846be42ab70d6e0-work:3515 for grammar-m4a-implementer
[m4a 2026-07-24T09:33:24.526Z] progress 9752s grammar-m4a-implementer=paused[[{"kind":"turn_checkpoint","workerId":"w-1","taskId":"baton-08c62fd1f846be42ab70d6e0-work","turnEpoch":394,"changedPathsDigest":"4f53cda18c2baa0c0354bb5f9a3ecbe5ed12ab4d8e11ba873c2f11161202b945","requestId":"pause:baton-08c62fd1f846be42ab70d6e0-work:3523"}]]
[m4a 2026-07-24T09:33:24.725Z] steered nudge_turn on pause:baton-08c62fd1f846be42ab70d6e0-work:3523 for grammar-m4a-implementer
[m4a 2026-07-24T09:33:44.733Z] progress 9772s grammar-m4a-implementer=paused[[{"kind":"turn_checkpoint","workerId":"w-1","taskId":"baton-08c62fd1f846be42ab70d6e0-work","turnEpoch":395,"changedPathsDigest":"4f53cda18c2baa0c0354bb5f9a3ecbe5ed12ab4d8e11ba873c2f11161202b945","requestId":"pause:baton-08c62fd1f846be42ab70d6e0-work:3531"}]]
[m4a 2026-07-24T09:33:44.917Z] steered nudge_turn on pause:baton-08c62fd1f846be42ab70d6e0-work:3531 for grammar-m4a-implementer
[m4a 2026-07-24T09:34:04.935Z] progress 9792s grammar-m4a-implementer=paused[[{"kind":"turn_checkpoint","workerId":"w-1","taskId":"baton-08c62fd1f846be42ab70d6e0-work","turnEpoch":396,"changedPathsDigest":"4f53cda18c2baa0c0354bb5f9a3ecbe5ed12ab4d8e11ba873c2f11161202b945","requestId":"pause:baton-08c62fd1f846be42ab70d6e0-work:3539"}]]
[m4a 2026-07-24T09:34:05.133Z] steered nudge_turn on pause:baton-08c62fd1f846be42ab70d6e0-work:3539 for grammar-m4a-implementer
[m4a 2026-07-24T09:34:25.152Z] progress 9813s grammar-m4a-implementer=paused[[{"kind":"turn_checkpoint","workerId":"w-1","taskId":"baton-08c62fd1f846be42ab70d6e0-work","turnEpoch":397,"changedPathsDigest":"4f53cda18c2baa0c0354bb5f9a3ecbe5ed12ab4d8e11ba873c2f11161202b945","requestId":"pause:baton-08c62fd1f846be42ab70d6e0-work:3547"}]]
[m4a 2026-07-24T09:34:25.359Z] steered nudge_turn on pause:baton-08c62fd1f846be42ab70d6e0-work:3547 for grammar-m4a-implementer
[m4a 2026-07-24T09:34:45.379Z] progress 9833s grammar-m4a-implementer=paused[[{"kind":"turn_checkpoint","workerId":"w-1","taskId":"baton-08c62fd1f846be42ab70d6e0-work","turnEpoch":398,"changedPathsDigest":"4f53cda18c2baa0c0354bb5f9a3ecbe5ed12ab4d8e11ba873c2f11161202b945","requestId":"pause:baton-08c62fd1f846be42ab70d6e0-work:3555"}]]
[m4a 2026-07-24T09:34:45.578Z] steered nudge_turn on pause:baton-08c62fd1f846be42ab70d6e0-work:3555 for grammar-m4a-implementer
[m4a 2026-07-24T09:35:05.599Z] progress 9853s grammar-m4a-implementer=paused[[{"kind":"turn_checkpoint","workerId":"w-1","taskId":"baton-08c62fd1f846be42ab70d6e0-work","turnEpoch":399,"changedPathsDigest":"4f53cda18c2baa0c0354bb5f9a3ecbe5ed12ab4d8e11ba873c2f11161202b945","requestId":"pause:baton-08c62fd1f846be42ab70d6e0-work:3563"}]]
[m4a 2026-07-24T09:35:05.805Z] steered nudge_turn on pause:baton-08c62fd1f846be42ab70d6e0-work:3563 for grammar-m4a-implementer
[m4a 2026-07-24T09:35:25.826Z] progress 9873s grammar-m4a-implementer=paused[[{"kind":"turn_checkpoint","workerId":"w-1","taskId":"baton-08c62fd1f846be42ab70d6e0-work","turnEpoch":400,"changedPathsDigest":"4f53cda18c2baa0c0354bb5f9a3ecbe5ed12ab4d8e11ba873c2f11161202b945","requestId":"pause:baton-08c62fd1f846be42ab70d6e0-work:3571"}]]
[m4a 2026-07-24T09:35:26.026Z] steered nudge_turn on pause:baton-08c62fd1f846be42ab70d6e0-work:3571 for grammar-m4a-implementer
[m4a 2026-07-24T09:35:46.049Z] progress 9894s grammar-m4a-implementer=paused[[{"kind":"turn_checkpoint","workerId":"w-1","taskId":"baton-08c62fd1f846be42ab70d6e0-work","turnEpoch":401,"changedPathsDigest":"4f53cda18c2baa0c0354bb5f9a3ecbe5ed12ab4d8e11ba873c2f11161202b945","requestId":"pause:baton-08c62fd1f846be42ab70d6e0-work:3579"}]]
[m4a 2026-07-24T09:35:46.248Z] steered nudge_turn on pause:baton-08c62fd1f846be42ab70d6e0-work:3579 for grammar-m4a-implementer
[m4a 2026-07-24T09:36:06.273Z] progress 9914s grammar-m4a-implementer=paused[[{"kind":"turn_checkpoint","workerId":"w-1","taskId":"baton-08c62fd1f846be42ab70d6e0-work","turnEpoch":402,"changedPathsDigest":"4f53cda18c2baa0c0354bb5f9a3ecbe5ed12ab4d8e11ba873c2f11161202b945","requestId":"pause:baton-08c62fd1f846be42ab70d6e0-work:3587"}]]
[m4a 2026-07-24T09:36:06.480Z] steered nudge_turn on pause:baton-08c62fd1f846be42ab70d6e0-work:3587 for grammar-m4a-implementer
[m4a 2026-07-24T09:36:26.504Z] progress 9934s grammar-m4a-implementer=paused[[{"kind":"turn_checkpoint","workerId":"w-1","taskId":"baton-08c62fd1f846be42ab70d6e0-work","turnEpoch":403,"changedPathsDigest":"4f53cda18c2baa0c0354bb5f9a3ecbe5ed12ab4d8e11ba873c2f11161202b945","requestId":"pause:baton-08c62fd1f846be42ab70d6e0-work:3595"}]]
[m4a 2026-07-24T09:36:26.706Z] steered nudge_turn on pause:baton-08c62fd1f846be42ab70d6e0-work:3595 for grammar-m4a-implementer
[m4a 2026-07-24T09:36:46.725Z] progress 9954s grammar-m4a-implementer=paused[[{"kind":"turn_checkpoint","workerId":"w-1","taskId":"baton-08c62fd1f846be42ab70d6e0-work","turnEpoch":404,"changedPathsDigest":"4f53cda18c2baa0c0354bb5f9a3ecbe5ed12ab4d8e11ba873c2f11161202b945","requestId":"pause:baton-08c62fd1f846be42ab70d6e0-work:3603"}]]
[m4a 2026-07-24T09:36:46.921Z] steered nudge_turn on pause:baton-08c62fd1f846be42ab70d6e0-work:3603 for grammar-m4a-implementer
[m4a 2026-07-24T09:37:06.941Z] progress 9974s grammar-m4a-implementer=paused[[{"kind":"turn_checkpoint","workerId":"w-1","taskId":"baton-08c62fd1f846be42ab70d6e0-work","turnEpoch":405,"changedPathsDigest":"4f53cda18c2baa0c0354bb5f9a3ecbe5ed12ab4d8e11ba873c2f11161202b945","requestId":"pause:baton-08c62fd1f846be42ab70d6e0-work:3611"}]]
[m4a 2026-07-24T09:37:07.145Z] steered nudge_turn on pause:baton-08c62fd1f846be42ab70d6e0-work:3611 for grammar-m4a-implementer
[m4a 2026-07-24T09:37:27.165Z] progress 9995s grammar-m4a-implementer=paused[[{"kind":"turn_checkpoint","workerId":"w-1","taskId":"baton-08c62fd1f846be42ab70d6e0-work","turnEpoch":406,"changedPathsDigest":"4f53cda18c2baa0c0354bb5f9a3ecbe5ed12ab4d8e11ba873c2f11161202b945","requestId":"pause:baton-08c62fd1f846be42ab70d6e0-work:3619"}]]
[m4a 2026-07-24T09:37:27.363Z] steered nudge_turn on pause:baton-08c62fd1f846be42ab70d6e0-work:3619 for grammar-m4a-implementer
[m4a 2026-07-24T09:37:47.384Z] progress 10015s grammar-m4a-implementer=paused[[{"kind":"turn_checkpoint","workerId":"w-1","taskId":"baton-08c62fd1f846be42ab70d6e0-work","turnEpoch":407,"changedPathsDigest":"4f53cda18c2baa0c0354bb5f9a3ecbe5ed12ab4d8e11ba873c2f11161202b945","requestId":"pause:baton-08c62fd1f846be42ab70d6e0-work:3627"}]]
[m4a 2026-07-24T09:37:47.607Z] steered nudge_turn on pause:baton-08c62fd1f846be42ab70d6e0-work:3627 for grammar-m4a-implementer
[m4a 2026-07-24T09:38:07.626Z] progress 10035s grammar-m4a-implementer=paused[[{"kind":"turn_checkpoint","workerId":"w-1","taskId":"baton-08c62fd1f846be42ab70d6e0-work","turnEpoch":408,"changedPathsDigest":"4f53cda18c2baa0c0354bb5f9a3ecbe5ed12ab4d8e11ba873c2f11161202b945","requestId":"pause:baton-08c62fd1f846be42ab70d6e0-work:3635"}]]
[m4a 2026-07-24T09:38:07.855Z] steered nudge_turn on pause:baton-08c62fd1f846be42ab70d6e0-work:3635 for grammar-m4a-implementer
[m4a 2026-07-24T09:38:27.872Z] progress 10055s grammar-m4a-implementer=paused[[{"kind":"turn_checkpoint","workerId":"w-1","taskId":"baton-08c62fd1f846be42ab70d6e0-work","turnEpoch":409,"changedPathsDigest":"4f53cda18c2baa0c0354bb5f9a3ecbe5ed12ab4d8e11ba873c2f11161202b945","requestId":"pause:baton-08c62fd1f846be42ab70d6e0-work:3643"}]]
[m4a 2026-07-24T09:38:28.077Z] steered nudge_turn on pause:baton-08c62fd1f846be42ab70d6e0-work:3643 for grammar-m4a-implementer
[m4a 2026-07-24T09:38:48.085Z] progress 10076s grammar-m4a-implementer=paused[[{"kind":"turn_checkpoint","workerId":"w-1","taskId":"baton-08c62fd1f846be42ab70d6e0-work","turnEpoch":410,"changedPathsDigest":"4f53cda18c2baa0c0354bb5f9a3ecbe5ed12ab4d8e11ba873c2f11161202b945","requestId":"pause:baton-08c62fd1f846be42ab70d6e0-work:3651"}]]
[m4a 2026-07-24T09:38:48.271Z] steered nudge_turn on pause:baton-08c62fd1f846be42ab70d6e0-work:3651 for grammar-m4a-implementer
[m4a 2026-07-24T09:39:08.291Z] progress 10096s grammar-m4a-implementer=paused[[{"kind":"turn_checkpoint","workerId":"w-1","taskId":"baton-08c62fd1f846be42ab70d6e0-work","turnEpoch":411,"changedPathsDigest":"4f53cda18c2baa0c0354bb5f9a3ecbe5ed12ab4d8e11ba873c2f11161202b945","requestId":"pause:baton-08c62fd1f846be42ab70d6e0-work:3659"}]]
[m4a 2026-07-24T09:39:08.497Z] steered nudge_turn on pause:baton-08c62fd1f846be42ab70d6e0-work:3659 for grammar-m4a-implementer
[m4a 2026-07-24T09:39:28.519Z] progress 10116s grammar-m4a-implementer=paused[[{"kind":"turn_checkpoint","workerId":"w-1","taskId":"baton-08c62fd1f846be42ab70d6e0-work","turnEpoch":412,"changedPathsDigest":"4f53cda18c2baa0c0354bb5f9a3ecbe5ed12ab4d8e11ba873c2f11161202b945","requestId":"pause:baton-08c62fd1f846be42ab70d6e0-work:3667"}]]
[m4a 2026-07-24T09:39:28.724Z] steered nudge_turn on pause:baton-08c62fd1f846be42ab70d6e0-work:3667 for grammar-m4a-implementer
[m4a 2026-07-24T09:39:48.747Z] progress 10136s grammar-m4a-implementer=paused[[{"kind":"turn_checkpoint","workerId":"w-1","taskId":"baton-08c62fd1f846be42ab70d6e0-work","turnEpoch":413,"changedPathsDigest":"4f53cda18c2baa0c0354bb5f9a3ecbe5ed12ab4d8e11ba873c2f11161202b945","requestId":"pause:baton-08c62fd1f846be42ab70d6e0-work:3675"}]]
[m4a 2026-07-24T09:39:48.961Z] steered nudge_turn on pause:baton-08c62fd1f846be42ab70d6e0-work:3675 for grammar-m4a-implementer
[m4a 2026-07-24T09:40:08.970Z] progress 10156s grammar-m4a-implementer=paused[[{"kind":"turn_checkpoint","workerId":"w-1","taskId":"baton-08c62fd1f846be42ab70d6e0-work","turnEpoch":414,"changedPathsDigest":"4f53cda18c2baa0c0354bb5f9a3ecbe5ed12ab4d8e11ba873c2f11161202b945","requestId":"pause:baton-08c62fd1f846be42ab70d6e0-work:3683"}]]
[m4a 2026-07-24T09:40:09.169Z] steered nudge_turn on pause:baton-08c62fd1f846be42ab70d6e0-work:3683 for grammar-m4a-implementer
[m4a 2026-07-24T09:40:29.192Z] progress 10177s grammar-m4a-implementer=paused[[{"kind":"turn_checkpoint","workerId":"w-1","taskId":"baton-08c62fd1f846be42ab70d6e0-work","turnEpoch":415,"changedPathsDigest":"4f53cda18c2baa0c0354bb5f9a3ecbe5ed12ab4d8e11ba873c2f11161202b945","requestId":"pause:baton-08c62fd1f846be42ab70d6e0-work:3691"}]]
[m4a 2026-07-24T09:40:29.388Z] steered nudge_turn on pause:baton-08c62fd1f846be42ab70d6e0-work:3691 for grammar-m4a-implementer
[m4a 2026-07-24T09:40:49.414Z] progress 10197s grammar-m4a-implementer=paused[[{"kind":"turn_checkpoint","workerId":"w-1","taskId":"baton-08c62fd1f846be42ab70d6e0-work","turnEpoch":416,"changedPathsDigest":"4f53cda18c2baa0c0354bb5f9a3ecbe5ed12ab4d8e11ba873c2f11161202b945","requestId":"pause:baton-08c62fd1f846be42ab70d6e0-work:3699"}]]
[m4a 2026-07-24T09:40:49.613Z] steered nudge_turn on pause:baton-08c62fd1f846be42ab70d6e0-work:3699 for grammar-m4a-implementer
[m4a 2026-07-24T09:41:09.641Z] progress 10217s grammar-m4a-implementer=paused[[{"kind":"turn_checkpoint","workerId":"w-1","taskId":"baton-08c62fd1f846be42ab70d6e0-work","turnEpoch":417,"changedPathsDigest":"4f53cda18c2baa0c0354bb5f9a3ecbe5ed12ab4d8e11ba873c2f11161202b945","requestId":"pause:baton-08c62fd1f846be42ab70d6e0-work:3707"}]]
[m4a 2026-07-24T09:41:09.837Z] steered nudge_turn on pause:baton-08c62fd1f846be42ab70d6e0-work:3707 for grammar-m4a-implementer
[m4a 2026-07-24T09:41:29.863Z] progress 10237s grammar-m4a-implementer=paused[[{"kind":"turn_checkpoint","workerId":"w-1","taskId":"baton-08c62fd1f846be42ab70d6e0-work","turnEpoch":418,"changedPathsDigest":"4f53cda18c2baa0c0354bb5f9a3ecbe5ed12ab4d8e11ba873c2f11161202b945","requestId":"pause:baton-08c62fd1f846be42ab70d6e0-work:3715"}]]
[m4a 2026-07-24T09:41:30.085Z] steered nudge_turn on pause:baton-08c62fd1f846be42ab70d6e0-work:3715 for grammar-m4a-implementer
[m4a 2026-07-24T09:41:50.103Z] progress 10258s grammar-m4a-implementer=paused[[{"kind":"turn_checkpoint","workerId":"w-1","taskId":"baton-08c62fd1f846be42ab70d6e0-work","turnEpoch":419,"changedPathsDigest":"4f53cda18c2baa0c0354bb5f9a3ecbe5ed12ab4d8e11ba873c2f11161202b945","requestId":"pause:baton-08c62fd1f846be42ab70d6e0-work:3723"}]]
[m4a 2026-07-24T09:41:50.307Z] steered nudge_turn on pause:baton-08c62fd1f846be42ab70d6e0-work:3723 for grammar-m4a-implementer
[m4a 2026-07-24T09:42:10.332Z] progress 10278s grammar-m4a-implementer=paused[[{"kind":"turn_checkpoint","workerId":"w-1","taskId":"baton-08c62fd1f846be42ab70d6e0-work","turnEpoch":420,"changedPathsDigest":"4f53cda18c2baa0c0354bb5f9a3ecbe5ed12ab4d8e11ba873c2f11161202b945","requestId":"pause:baton-08c62fd1f846be42ab70d6e0-work:3731"}]]
[m4a 2026-07-24T09:42:10.537Z] steered nudge_turn on pause:baton-08c62fd1f846be42ab70d6e0-work:3731 for grammar-m4a-implementer
[m4a 2026-07-24T09:42:30.565Z] progress 10298s grammar-m4a-implementer=paused[[{"kind":"turn_checkpoint","workerId":"w-1","taskId":"baton-08c62fd1f846be42ab70d6e0-work","turnEpoch":421,"changedPathsDigest":"4f53cda18c2baa0c0354bb5f9a3ecbe5ed12ab4d8e11ba873c2f11161202b945","requestId":"pause:baton-08c62fd1f846be42ab70d6e0-work:3739"}]]
[m4a 2026-07-24T09:42:30.776Z] steered nudge_turn on pause:baton-08c62fd1f846be42ab70d6e0-work:3739 for grammar-m4a-implementer
[m4a 2026-07-24T09:42:50.795Z] progress 10318s grammar-m4a-implementer=paused[[{"kind":"turn_checkpoint","workerId":"w-1","taskId":"baton-08c62fd1f846be42ab70d6e0-work","turnEpoch":422,"changedPathsDigest":"4f53cda18c2baa0c0354bb5f9a3ecbe5ed12ab4d8e11ba873c2f11161202b945","requestId":"pause:baton-08c62fd1f846be42ab70d6e0-work:3747"}]]
[m4a 2026-07-24T09:42:50.985Z] steered nudge_turn on pause:baton-08c62fd1f846be42ab70d6e0-work:3747 for grammar-m4a-implementer
[m4a 2026-07-24T09:43:11.010Z] progress 10338s grammar-m4a-implementer=paused[[{"kind":"turn_checkpoint","workerId":"w-1","taskId":"baton-08c62fd1f846be42ab70d6e0-work","turnEpoch":423,"changedPathsDigest":"4f53cda18c2baa0c0354bb5f9a3ecbe5ed12ab4d8e11ba873c2f11161202b945","requestId":"pause:baton-08c62fd1f846be42ab70d6e0-work:3755"}]]
[m4a 2026-07-24T09:43:11.208Z] steered nudge_turn on pause:baton-08c62fd1f846be42ab70d6e0-work:3755 for grammar-m4a-implementer
[m4a 2026-07-24T09:43:31.238Z] progress 10359s grammar-m4a-implementer=paused[[{"kind":"turn_checkpoint","workerId":"w-1","taskId":"baton-08c62fd1f846be42ab70d6e0-work","turnEpoch":424,"changedPathsDigest":"4f53cda18c2baa0c0354bb5f9a3ecbe5ed12ab4d8e11ba873c2f11161202b945","requestId":"pause:baton-08c62fd1f846be42ab70d6e0-work:3763"}]]
[m4a 2026-07-24T09:43:31.456Z] steered nudge_turn on pause:baton-08c62fd1f846be42ab70d6e0-work:3763 for grammar-m4a-implementer
[m4a 2026-07-24T09:43:51.478Z] progress 10379s grammar-m4a-implementer=paused[[{"kind":"turn_checkpoint","workerId":"w-1","taskId":"baton-08c62fd1f846be42ab70d6e0-work","turnEpoch":425,"changedPathsDigest":"4f53cda18c2baa0c0354bb5f9a3ecbe5ed12ab4d8e11ba873c2f11161202b945","requestId":"pause:baton-08c62fd1f846be42ab70d6e0-work:3771"}]]
[m4a 2026-07-24T09:43:51.687Z] steered nudge_turn on pause:baton-08c62fd1f846be42ab70d6e0-work:3771 for grammar-m4a-implementer
[m4a 2026-07-24T09:44:11.715Z] progress 10399s grammar-m4a-implementer=paused[[{"kind":"turn_checkpoint","workerId":"w-1","taskId":"baton-08c62fd1f846be42ab70d6e0-work","turnEpoch":426,"changedPathsDigest":"4f53cda18c2baa0c0354bb5f9a3ecbe5ed12ab4d8e11ba873c2f11161202b945","requestId":"pause:baton-08c62fd1f846be42ab70d6e0-work:3779"}]]
[m4a 2026-07-24T09:44:11.920Z] steered nudge_turn on pause:baton-08c62fd1f846be42ab70d6e0-work:3779 for grammar-m4a-implementer
[m4a 2026-07-24T09:44:31.942Z] progress 10419s grammar-m4a-implementer=paused[[{"kind":"turn_checkpoint","workerId":"w-1","taskId":"baton-08c62fd1f846be42ab70d6e0-work","turnEpoch":427,"changedPathsDigest":"4f53cda18c2baa0c0354bb5f9a3ecbe5ed12ab4d8e11ba873c2f11161202b945","requestId":"pause:baton-08c62fd1f846be42ab70d6e0-work:3787"}]]
[m4a 2026-07-24T09:44:32.141Z] steered nudge_turn on pause:baton-08c62fd1f846be42ab70d6e0-work:3787 for grammar-m4a-implementer
[m4a 2026-07-24T09:44:52.158Z] progress 10440s grammar-m4a-implementer=paused[[{"kind":"turn_checkpoint","workerId":"w-1","taskId":"baton-08c62fd1f846be42ab70d6e0-work","turnEpoch":428,"changedPathsDigest":"4f53cda18c2baa0c0354bb5f9a3ecbe5ed12ab4d8e11ba873c2f11161202b945","requestId":"pause:baton-08c62fd1f846be42ab70d6e0-work:3795"}]]
[m4a 2026-07-24T09:44:52.353Z] steered nudge_turn on pause:baton-08c62fd1f846be42ab70d6e0-work:3795 for grammar-m4a-implementer
[m4a 2026-07-24T09:45:12.364Z] progress 10460s grammar-m4a-implementer=paused[[{"kind":"turn_checkpoint","workerId":"w-1","taskId":"baton-08c62fd1f846be42ab70d6e0-work","turnEpoch":429,"changedPathsDigest":"4f53cda18c2baa0c0354bb5f9a3ecbe5ed12ab4d8e11ba873c2f11161202b945","requestId":"pause:baton-08c62fd1f846be42ab70d6e0-work:3803"}]]
[m4a 2026-07-24T09:45:12.553Z] steered nudge_turn on pause:baton-08c62fd1f846be42ab70d6e0-work:3803 for grammar-m4a-implementer
[m4a 2026-07-24T09:45:32.571Z] progress 10480s grammar-m4a-implementer=paused[[{"kind":"turn_checkpoint","workerId":"w-1","taskId":"baton-08c62fd1f846be42ab70d6e0-work","turnEpoch":430,"changedPathsDigest":"4f53cda18c2baa0c0354bb5f9a3ecbe5ed12ab4d8e11ba873c2f11161202b945","requestId":"pause:baton-08c62fd1f846be42ab70d6e0-work:3811"}]]
[m4a 2026-07-24T09:45:32.765Z] steered nudge_turn on pause:baton-08c62fd1f846be42ab70d6e0-work:3811 for grammar-m4a-implementer
[m4a 2026-07-24T09:45:52.784Z] progress 10500s grammar-m4a-implementer=paused[[{"kind":"turn_checkpoint","workerId":"w-1","taskId":"baton-08c62fd1f846be42ab70d6e0-work","turnEpoch":431,"changedPathsDigest":"4f53cda18c2baa0c0354bb5f9a3ecbe5ed12ab4d8e11ba873c2f11161202b945","requestId":"pause:baton-08c62fd1f846be42ab70d6e0-work:3819"}]]
[m4a 2026-07-24T09:45:52.978Z] steered nudge_turn on pause:baton-08c62fd1f846be42ab70d6e0-work:3819 for grammar-m4a-implementer
[m4a 2026-07-24T09:46:13.005Z] progress 10520s grammar-m4a-implementer=paused[[{"kind":"turn_checkpoint","workerId":"w-1","taskId":"baton-08c62fd1f846be42ab70d6e0-work","turnEpoch":432,"changedPathsDigest":"4f53cda18c2baa0c0354bb5f9a3ecbe5ed12ab4d8e11ba873c2f11161202b945","requestId":"pause:baton-08c62fd1f846be42ab70d6e0-work:3827"}]]
[m4a 2026-07-24T09:46:13.207Z] steered nudge_turn on pause:baton-08c62fd1f846be42ab70d6e0-work:3827 for grammar-m4a-implementer
[m4a 2026-07-24T09:46:33.217Z] progress 10541s grammar-m4a-implementer=paused[[{"kind":"turn_checkpoint","workerId":"w-1","taskId":"baton-08c62fd1f846be42ab70d6e0-work","turnEpoch":433,"changedPathsDigest":"4f53cda18c2baa0c0354bb5f9a3ecbe5ed12ab4d8e11ba873c2f11161202b945","requestId":"pause:baton-08c62fd1f846be42ab70d6e0-work:3835"}]]
[m4a 2026-07-24T09:46:33.409Z] steered nudge_turn on pause:baton-08c62fd1f846be42ab70d6e0-work:3835 for grammar-m4a-implementer
[m4a 2026-07-24T09:46:53.433Z] progress 10561s grammar-m4a-implementer=paused[[{"kind":"turn_checkpoint","workerId":"w-1","taskId":"baton-08c62fd1f846be42ab70d6e0-work","turnEpoch":434,"changedPathsDigest":"4f53cda18c2baa0c0354bb5f9a3ecbe5ed12ab4d8e11ba873c2f11161202b945","requestId":"pause:baton-08c62fd1f846be42ab70d6e0-work:3843"}]]
[m4a 2026-07-24T09:46:53.639Z] steered nudge_turn on pause:baton-08c62fd1f846be42ab70d6e0-work:3843 for grammar-m4a-implementer
[m4a 2026-07-24T09:47:13.655Z] progress 10581s grammar-m4a-implementer=paused[[{"kind":"turn_checkpoint","workerId":"w-1","taskId":"baton-08c62fd1f846be42ab70d6e0-work","turnEpoch":435,"changedPathsDigest":"4f53cda18c2baa0c0354bb5f9a3ecbe5ed12ab4d8e11ba873c2f11161202b945","requestId":"pause:baton-08c62fd1f846be42ab70d6e0-work:3851"}]]
[m4a 2026-07-24T09:47:13.854Z] steered nudge_turn on pause:baton-08c62fd1f846be42ab70d6e0-work:3851 for grammar-m4a-implementer
[m4a 2026-07-24T09:47:33.877Z] progress 10601s grammar-m4a-implementer=paused[[{"kind":"turn_checkpoint","workerId":"w-1","taskId":"baton-08c62fd1f846be42ab70d6e0-work","turnEpoch":436,"changedPathsDigest":"4f53cda18c2baa0c0354bb5f9a3ecbe5ed12ab4d8e11ba873c2f11161202b945","requestId":"pause:baton-08c62fd1f846be42ab70d6e0-work:3859"}]]
[m4a 2026-07-24T09:47:34.078Z] steered nudge_turn on pause:baton-08c62fd1f846be42ab70d6e0-work:3859 for grammar-m4a-implementer
[m4a 2026-07-24T09:47:54.101Z] progress 10622s grammar-m4a-implementer=paused[[{"kind":"turn_checkpoint","workerId":"w-1","taskId":"baton-08c62fd1f846be42ab70d6e0-work","turnEpoch":437,"changedPathsDigest":"4f53cda18c2baa0c0354bb5f9a3ecbe5ed12ab4d8e11ba873c2f11161202b945","requestId":"pause:baton-08c62fd1f846be42ab70d6e0-work:3867"}]]
[m4a 2026-07-24T09:47:54.304Z] steered nudge_turn on pause:baton-08c62fd1f846be42ab70d6e0-work:3867 for grammar-m4a-implementer
[m4a 2026-07-24T09:48:14.325Z] progress 10642s grammar-m4a-implementer=paused[[{"kind":"turn_checkpoint","workerId":"w-1","taskId":"baton-08c62fd1f846be42ab70d6e0-work","turnEpoch":438,"changedPathsDigest":"4f53cda18c2baa0c0354bb5f9a3ecbe5ed12ab4d8e11ba873c2f11161202b945","requestId":"pause:baton-08c62fd1f846be42ab70d6e0-work:3875"}]]
[m4a 2026-07-24T09:48:14.535Z] steered nudge_turn on pause:baton-08c62fd1f846be42ab70d6e0-work:3875 for grammar-m4a-implementer
[m4a 2026-07-24T09:48:34.558Z] progress 10662s grammar-m4a-implementer=paused[[{"kind":"turn_checkpoint","workerId":"w-1","taskId":"baton-08c62fd1f846be42ab70d6e0-work","turnEpoch":439,"changedPathsDigest":"4f53cda18c2baa0c0354bb5f9a3ecbe5ed12ab4d8e11ba873c2f11161202b945","requestId":"pause:baton-08c62fd1f846be42ab70d6e0-work:3883"}]]
[m4a 2026-07-24T09:48:34.757Z] steered nudge_turn on pause:baton-08c62fd1f846be42ab70d6e0-work:3883 for grammar-m4a-implementer
[m4a 2026-07-24T09:48:54.775Z] progress 10682s grammar-m4a-implementer=paused[[{"kind":"turn_checkpoint","workerId":"w-1","taskId":"baton-08c62fd1f846be42ab70d6e0-work","turnEpoch":440,"changedPathsDigest":"4f53cda18c2baa0c0354bb5f9a3ecbe5ed12ab4d8e11ba873c2f11161202b945","requestId":"pause:baton-08c62fd1f846be42ab70d6e0-work:3891"}]]
[m4a 2026-07-24T09:48:54.971Z] steered nudge_turn on pause:baton-08c62fd1f846be42ab70d6e0-work:3891 for grammar-m4a-implementer
[m4a 2026-07-24T09:49:14.991Z] progress 10702s grammar-m4a-implementer=paused[[{"kind":"turn_checkpoint","workerId":"w-1","taskId":"baton-08c62fd1f846be42ab70d6e0-work","turnEpoch":441,"changedPathsDigest":"4f53cda18c2baa0c0354bb5f9a3ecbe5ed12ab4d8e11ba873c2f11161202b945","requestId":"pause:baton-08c62fd1f846be42ab70d6e0-work:3899"}]]
[m4a 2026-07-24T09:49:15.194Z] steered nudge_turn on pause:baton-08c62fd1f846be42ab70d6e0-work:3899 for grammar-m4a-implementer
[m4a 2026-07-24T09:49:35.215Z] progress 10723s grammar-m4a-implementer=paused[[{"kind":"turn_checkpoint","workerId":"w-1","taskId":"baton-08c62fd1f846be42ab70d6e0-work","turnEpoch":442,"changedPathsDigest":"4f53cda18c2baa0c0354bb5f9a3ecbe5ed12ab4d8e11ba873c2f11161202b945","requestId":"pause:baton-08c62fd1f846be42ab70d6e0-work:3907"}]]
[m4a 2026-07-24T09:49:35.420Z] steered nudge_turn on pause:baton-08c62fd1f846be42ab70d6e0-work:3907 for grammar-m4a-implementer
[m4a 2026-07-24T09:49:55.440Z] progress 10743s grammar-m4a-implementer=paused[[{"kind":"turn_checkpoint","workerId":"w-1","taskId":"baton-08c62fd1f846be42ab70d6e0-work","turnEpoch":443,"changedPathsDigest":"4f53cda18c2baa0c0354bb5f9a3ecbe5ed12ab4d8e11ba873c2f11161202b945","requestId":"pause:baton-08c62fd1f846be42ab70d6e0-work:3915"}]]
[m4a 2026-07-24T09:49:55.641Z] steered nudge_turn on pause:baton-08c62fd1f846be42ab70d6e0-work:3915 for grammar-m4a-implementer
[m4a 2026-07-24T09:50:15.664Z] progress 10763s grammar-m4a-implementer=paused[[{"kind":"turn_checkpoint","workerId":"w-1","taskId":"baton-08c62fd1f846be42ab70d6e0-work","turnEpoch":444,"changedPathsDigest":"4f53cda18c2baa0c0354bb5f9a3ecbe5ed12ab4d8e11ba873c2f11161202b945","requestId":"pause:baton-08c62fd1f846be42ab70d6e0-work:3923"}]]
[m4a 2026-07-24T09:50:15.864Z] steered nudge_turn on pause:baton-08c62fd1f846be42ab70d6e0-work:3923 for grammar-m4a-implementer
[m4a 2026-07-24T09:50:35.888Z] progress 10783s grammar-m4a-implementer=paused[[{"kind":"turn_checkpoint","workerId":"w-1","taskId":"baton-08c62fd1f846be42ab70d6e0-work","turnEpoch":445,"changedPathsDigest":"4f53cda18c2baa0c0354bb5f9a3ecbe5ed12ab4d8e11ba873c2f11161202b945","requestId":"pause:baton-08c62fd1f846be42ab70d6e0-work:3931"}]]
[m4a 2026-07-24T09:50:36.106Z] steered nudge_turn on pause:baton-08c62fd1f846be42ab70d6e0-work:3931 for grammar-m4a-implementer
[m4a 2026-07-24T09:50:56.132Z] progress 10804s grammar-m4a-implementer=paused[[{"kind":"turn_checkpoint","workerId":"w-1","taskId":"baton-08c62fd1f846be42ab70d6e0-work","turnEpoch":446,"changedPathsDigest":"4f53cda18c2baa0c0354bb5f9a3ecbe5ed12ab4d8e11ba873c2f11161202b945","requestId":"pause:baton-08c62fd1f846be42ab70d6e0-work:3939"}]]
[m4a 2026-07-24T09:50:56.345Z] steered nudge_turn on pause:baton-08c62fd1f846be42ab70d6e0-work:3939 for grammar-m4a-implementer
[m4a 2026-07-24T09:50:56.345Z] watchdog (3h hard cap)
[m4a 2026-07-24T09:51:01.389Z] outcome grammar-m4a-implementer: phase=paused sha=none
[m4a 2026-07-24T09:51:02.421Z] close remaining=0 residueUnknown=false
[m4a 2026-07-24T09:51:02.422Z] evidence written; pumpQuiescent=true
